booking_id,passenger_id,flight_id,booking_date,status,passport_number,seat_number,emergency_contact_name,emergency_contact_phone_hashed,amount,payment_method
B1000,P1591,AI192,2025-06-14 11:37:36.951,CANCELLED,P1945887,3D,Isaac Bakshi,985d67522f17,,
B1001,P1803,6F026,2025-11-02 11:37:36.951,CANCELLED,L3482012,18A,Anvi Konda,aa7ee7d23b01,,
B1002,P1083,SJ010,2025-08-25 11:37:36.951,CANCELLED,G8507659,30C,Udant Dewan,4e33ce849c3d,6087.22,UPI
B1002,P1083,SJ010,2025-08-25 11:37:36.951,CANCELLED,G8507659,30C,Udant Dewan,4e33ce849c3d,2505.86,NETBANKING
B1003,P1364,AI069,2025-12-30 11:37:36.951,CONFIRMED,M0891776,33A,Harsh Chahal,27696444174d,,
B1004,P1885,UK003,2025-10-02 11:37:36.951,PENDING,N5742231,25C,Pahal Balay,95c1ff00e23a,12222.48,UPI
B1005,P1548,AI048,2025-08-31 11:37:36.951,CONFIRMED,B0402369,13D,Ayushman Chander,42b9936ba589,13378.9,UPI
B1006,P1341,AI140,2025-06-29 11:37:36.951,CANCELLED,W9430120,17F,Tejas Kaul,c0c31d265f7a,14980.37,NETBANKING
B1007,P1838,UK167,2026-03-12 11:37:36.951,CONFIRMED,C3727117,22E,Yashasvi Bala,8cbfb5c7045a,,
B1008,P1406,AI245,2025-09-07 11:37:36.951,PENDING,J9885582,34F,Rushil Saini,9fde40b1b124,,
B1009,P1424,SJ158,2025-04-28 11:37:36.951,CANCELLED,Y3306745,33C,Thomas Sen,a7caeb0999e2,,
B1010,P1743,AI155,2025-11-24 11:37:36.951,CONFIRMED,N0944128,15B,Arunima Ahuja,975709b8233d,8027.125,NETBANKING
B1011,P1092,AI179,2025-10-25 11:37:36.951,CONFIRMED,E1885666,22C,Nathaniel Sami,42d6463d2f42,2115.18,CARD
B1012,P1847,AI137,2025-08-15 11:37:36.951,PENDING,F9715066,28B,Harini Mall,ca67232a3e0e,8027.125,CARD
B1012,P1847,AI137,2025-08-15 11:37:36.951,PENDING,F9715066,28B,Harini Mall,ca67232a3e0e,4074.67,CARD
B1012,P1847,AI137,2025-08-15 11:37:36.951,PENDING,F9715066,28B,Harini Mall,ca67232a3e0e,12647.86,CARD
B1012,P1847,AI137,2025-08-15 11:37:36.951,PENDING,F9715066,28B,Harini Mall,ca67232a3e0e,6979.86,CARD
B1013,P1613,SJ001,2025-07-20 11:37:36.951,CONFIRMED,A5514377,26E,Nachiket Kale,b6c4064e4684,1176.33,UPI
B1014,P1411,SJ172,2025-09-15 11:37:36.951,PENDING,P3439252,21E,Gayathri Chaudry,251e65d2efa3,,
B1015,P1431,UK094,2025-10-21 11:37:36.951,CONFIRMED,D1102867,6F,George Rai,d43ebccd9367,12008.1,CARD
B1015,P1431,UK094,2025-10-21 11:37:36.951,CONFIRMED,D1102867,6F,George Rai,d43ebccd9367,7601.56,CARD
B1016,P1677,UK027,2026-01-13 11:37:36.951,CANCELLED,A7202455,6A,Gunbir Parmer,74c11c6d3d1b,14076.51,CARD
B1016,P1677,UK027,2026-01-13 11:37:36.951,CANCELLED,A7202455,6A,Gunbir Parmer,74c11c6d3d1b,9724.26,NETBANKING
B1017,P1158,UK067,2026-04-04 11:37:36.951,CONFIRMED,L1091090,13B,Hemangini Lalla,456646c8e244,,
B1018,P1013,6F196,2026-03-25 11:37:36.951,CANCELLED,T1494981,19B,Caleb Sharaf,f793775bac70,2588.63,UPI
B1019,P1372,6F164,2025-07-31 11:37:36.951,CANCELLED,Y4281793,19A,Jeet Radhakrishnan,24c48654ba06,14810.27,UPI
B1019,P1372,6F164,2025-07-31 11:37:36.951,CANCELLED,Y4281793,19A,Jeet Radhakrishnan,24c48654ba06,8027.125,UPI
B1019,P1372,6F164,2025-07-31 11:37:36.951,CANCELLED,Y4281793,19A,Jeet Radhakrishnan,24c48654ba06,3810.73,CARD
B1020,P1224,SJ112,2025-12-06 11:37:36.951,CONFIRMED,F7758446,27B,Farhan Memon,d113ff53752d,8150.35,NETBANKING
B1021,P1504,6F190,2025-12-07 11:37:36.951,CANCELLED,L3372201,4E,Janaki Handa,c25923f01304,6949.93,UPI
B1022,P1072,AI080,2026-03-25 11:37:36.951,CONFIRMED,D7221455,16F,Ekaraj Bath,fc601302cfc1,,
B1023,P1248,6F213,2026-02-03 11:37:36.951,PENDING,P1894370,24B,Vedant Mann,11c3bb168b86,13057.27,CARD
B1024,P1510,AI115,2025-06-21 11:37:36.951,PENDING,M1004627,30F,Fariq Kaul,8d1fccc44b58,4857.79,UPI
B1025,P1602,SJ049,2026-03-18 11:37:36.951,PENDING,L7256592,1B,Harrison Rai,2b800b21a217,9721.62,CARD
B1025,P1602,SJ049,2026-03-18 11:37:36.951,PENDING,L7256592,1B,Harrison Rai,2b800b21a217,11899.89,UPI
B1025,P1602,SJ049,2026-03-18 11:37:36.951,PENDING,L7256592,1B,Harrison Rai,2b800b21a217,14501.45,CARD
B1026,P1215,AI058,2025-06-27 11:37:36.951,CONFIRMED,C7520238,32C,Arunima Setty,c674f316826b,2015.66,NETBANKING
B1026,P1215,AI058,2025-06-27 11:37:36.951,CONFIRMED,C7520238,32C,Arunima Setty,c674f316826b,11188.7,UPI
B1027,P1972,UK036,2025-07-25 11:37:36.951,CONFIRMED,F6005595,22A,Janya Gaba,f836f045b806,7503.17,UPI
B1028,P1601,SJ239,2025-05-25 11:37:36.951,CANCELLED,V3325848,26E,Kamala Pant,07e1fcd29e12,,
B1029,P1540,6F025,2025-06-06 11:37:36.951,CANCELLED,B7984870,19C,Shaurya Loke,0f16d8890efa,,
B1030,P1946,6F236,2026-03-18 11:37:36.951,CANCELLED,X1767993,21E,Ekbal Garg,095190e9f662,,
B1031,P1816,AI060,2025-11-16 11:37:36.951,CANCELLED,J4039464,1E,Yash Gade,540f6b6589e8,7056.42,CARD
B1032,P1938,UK021,2025-09-03 11:37:36.951,CANCELLED,H7360601,18E,Turvi Raghavan,9280a037b0df,,
B1033,P1987,UK026,2025-05-06 11:37:36.951,CONFIRMED,V4907938,19A,Anamika Kanda,478270e5dec4,9352.83,CARD
B1033,P1987,UK026,2025-05-06 11:37:36.951,CONFIRMED,V4907938,19A,Anamika Kanda,478270e5dec4,8027.125,UPI
B1033,P1987,UK026,2025-05-06 11:37:36.951,CONFIRMED,V4907938,19A,Anamika Kanda,478270e5dec4,7723.56,UPI
B1034,P1219,SJ179,2025-12-31 11:37:36.951,CONFIRMED,W5283061,22F,Ekta Bhalla,9f955d30cf40,,
B1035,P1839,6F251,2025-08-21 11:37:36.951,PENDING,A1242446,11D,Veer Balay,79d4f28711a6,,
B1036,P1726,SJ149,2025-11-24 11:37:36.951,PENDING,F5144881,5B,Diya Rattan,51d1a45a449c,5144.89,CARD
B1037,P1220,AI188,2026-03-20 11:37:36.951,PENDING,H1421751,33E,Amrita Bhatti,cbae1e144792,,
B1038,P1388,SJ093,2026-01-01 11:37:36.951,PENDING,D7941515,12D,Siddharth Murty,2412040336a1,,
B1039,P1553,SJ205,2025-08-21 11:37:36.951,CONFIRMED,J0911225,11E,Simon Tata,7de5042fb8af,6604.98,CARD
B1039,P1553,SJ205,2025-08-21 11:37:36.951,CONFIRMED,J0911225,11E,Simon Tata,7de5042fb8af,8185.34,UPI
B1039,P1553,SJ205,2025-08-21 11:37:36.951,CONFIRMED,J0911225,11E,Simon Tata,7de5042fb8af,9866.37,CARD
B1040,P1646,6F099,2025-08-08 11:37:36.951,CONFIRMED,Z5056618,26B,Meghana Shanker,c9c10b5c35ef,,
B1041,P1041,UK176,2025-05-28 11:37:36.951,CONFIRMED,Y7913787,25C,Luke Lanka,0d8f741d88d2,13829.91,UPI
B1041,P1041,UK176,2025-05-28 11:37:36.951,CONFIRMED,Y7913787,25C,Luke Lanka,0d8f741d88d2,9750.27,NETBANKING
B1042,P1675,UK200,2025-12-02 11:37:36.951,CANCELLED,B0730950,24F,Liam Koshy,dcb2152354c4,14402.39,CARD
B1043,P1872,6F195,2025-11-22 11:37:36.951,CANCELLED,A5712198,8E,Adya Sangha,206f86394ed4,8291.6,UPI
B1044,P1282,6F174,2026-04-12 11:37:36.951,PENDING,T8851905,16C,Mohini Pathak,f5913733cd74,1199.88,UPI
B1045,P1057,SJ214,2026-03-19 11:37:36.951,CONFIRMED,B1042462,18C,Theodore Devi,da0ecaf2bfb0,2330.65,NETBANKING
B1045,P1057,SJ214,2026-03-19 11:37:36.951,CONFIRMED,B1042462,18C,Theodore Devi,da0ecaf2bfb0,4401.56,UPI
B1045,P1057,SJ214,2026-03-19 11:37:36.951,CONFIRMED,B1042462,18C,Theodore Devi,da0ecaf2bfb0,8027.125,NETBANKING
B1046,P1813,UK059,2025-10-14 11:37:36.951,CONFIRMED,V5174460,2C,Yashodhara Tak,694139f2ea27,13689.48,UPI
B1046,P1813,UK059,2025-10-14 11:37:36.951,CONFIRMED,V5174460,2C,Yashodhara Tak,694139f2ea27,12592.83,UPI
B1047,P1833,6F151,2025-12-29 11:37:36.951,PENDING,C2899151,7C,Gavin Batta,c468968f3b7b,,
B1048,P1536,SJ236,2025-09-19 11:37:36.951,PENDING,D2939130,18C,Imaran Dua,442c69c41ebc,,
B1049,P1072,SJ153,2025-07-28 11:37:36.951,INVALID,W9848416,3C,Nathaniel Sami,2c9a241a5ac9,,
B1050,P1884,AI220,2026-01-15 11:37:36.951,PENDING,L4021190,7D,Devansh Rajan,d64a437468b1,13350.33,NETBANKING
B1051,P1922,6F028,2025-07-05 11:37:36.951,CANCELLED,M6814298,16A,Lakshmi Sidhu,28050752d0d9,10875.08,CARD
B1052,P1128,UK209,2025-12-30 11:37:36.951,CANCELLED,F9107322,33B,Zayan Apte,2975f16114d6,9827.3,CARD
B1053,P1598,UK216,2026-04-01 11:37:36.951,PENDING,V4937830,28B,Ishwar Yadav,9a46bc40d2c7,4621.1,UPI
B1053,P1598,UK216,2026-04-01 11:37:36.951,PENDING,V4937830,28B,Ishwar Yadav,9a46bc40d2c7,3081.42,CARD
B1054,P1841,AI132,2026-04-11 11:37:36.951,CANCELLED,V4526969,19C,Amara Oak,f325b218a180,,
B1055,P1425,6F012,2025-10-14 11:37:36.951,CANCELLED,D6497016,13F,Isaac Memon,07cfa4f64012,,
B1056,P1947,UK173,2026-03-24 11:37:36.951,CANCELLED,E9291320,15B,Radhika Dugar,c4e1c4117528,3173.87,NETBANKING
B1056,P1947,UK173,2026-03-24 11:37:36.951,CANCELLED,E9291320,15B,Radhika Dugar,c4e1c4117528,8027.125,CARD
B1057,P1664,SJ047,2025-08-20 11:37:36.951,CANCELLED,C6234190,14F,Sudiksha Aggarwal,77f061e1a7b6,1987.07,UPI
B1057,P1664,SJ047,2025-08-20 11:37:36.951,CANCELLED,C6234190,14F,Sudiksha Aggarwal,77f061e1a7b6,10224.13,CARD
B1058,P1693,SJ043,2025-12-07 11:37:36.951,PENDING,A6153722,8C,Adya Tella,cf1ca2eed523,,
B1059,P1124,UK140,2026-01-03 11:37:36.951,CONFIRMED,N8473236,23B,Pranav Tripathi,4d55ace479fd,10839.07,UPI
B1060,P1066,6F086,2025-12-30 11:37:36.951,CONFIRMED,T4604067,11A,Hitesh Misra,04400cb9e50e,11681.98,UPI
B1061,P1005,6F114,2026-04-05 11:37:36.951,CANCELLED,R8436142,19C,Yashica Issac,c4df1d4576d4,12021.5,CARD
B1061,P1005,6F114,2026-04-05 11:37:36.951,CANCELLED,R8436142,19C,Yashica Issac,c4df1d4576d4,6835.68,CARD
B1061,P1005,6F114,2026-04-05 11:37:36.951,CANCELLED,R8436142,19C,Yashica Issac,c4df1d4576d4,12722.62,NETBANKING
B1062,P1636,UK153,2025-06-12 11:37:36.951,CANCELLED,A7819754,15D,Michael Prakash,7808eadf73c9,,
B1063,P1313,6F149,2025-05-19 11:37:36.951,CANCELLED,J7642737,9A,Neel Zacharia,0f95760413c2,,
B1064,P1325,UK145,2025-09-14 11:37:36.951,CONFIRMED,T6388214,24E,Aadi Naik,8baabf6b80bb,14413.72,UPI
B1065,P1564,UK010,2026-03-06 11:37:36.951,CANCELLED,D4846019,7B,Vrinda Bahl,84f809ff970a,,
B1066,P1577,SJ003,2025-11-05 11:37:36.951,PENDING,H8998278,1B,Isaac Patil,db4419841b80,,
B1067,P1825,SJ160,2025-07-23 11:37:36.951,PENDING,W6950732,7F,Damyanti Khatri,3ae8d3b40991,4488.44,UPI
B1067,P1825,SJ160,2025-07-23 11:37:36.951,PENDING,W6950732,7F,Damyanti Khatri,3ae8d3b40991,7570.06,UPI
B1067,P1825,SJ160,2025-07-23 11:37:36.951,PENDING,W6950732,7F,Damyanti Khatri,3ae8d3b40991,5374.84,NETBANKING
B1068,P1505,UK224,2025-11-22 11:37:36.951,PENDING,P4493699,23A,Dalbir Khosla,d4cd9824ff2b,5274.94,NETBANKING
B1069,P1081,UK152,2025-08-02 11:37:36.951,CONFIRMED,Y3350557,16E,Farhan Chada,43f1666e5582,14992.95,UPI
B1070,P1598,SJ034,2025-09-22 11:37:36.951,CANCELLED,H6801192,15D,Vedika Biswas,1240774df91b,5631.13,NETBANKING
B1071,P1001,UK215,2025-12-21 11:37:36.951,CANCELLED,R6811872,15F,Jeremiah Dave,def1961aa251,,
B1072,P1203,UK089,2025-08-10 11:37:36.951,CANCELLED,M1040961,18F,Vaishnavi Gandhi,d45375539a12,,
B1073,P1661,6F180,2025-12-04 11:37:36.951,CONFIRMED,C5391149,16A,Alka Wable,4771918163bf,,
B1074,P1804,6F188,2025-09-25 11:37:36.951,CONFIRMED,J8207365,7A,Pallavi Kakar,210482a0ad76,,
B1075,P1403,UK131,2026-01-03 11:37:36.951,CONFIRMED,J0655782,2F,Sai Muni,b951bcc29b97,,
B1076,P1102,UK055,2025-05-04 11:37:36.951,CONFIRMED,X0432230,12B,Mohini Prakash,e0c39e9e9ed7,8247.5,CARD
B1077,P1535,UK181,2025-05-03 11:37:36.951,PENDING,E4707392,3A,Raksha Varughese,8575dab3abef,2981.73,NETBANKING
B1077,P1535,UK181,2025-05-03 11:37:36.951,PENDING,E4707392,3A,Raksha Varughese,8575dab3abef,8279.97,CARD
B1078,P1367,6F077,2025-09-21 11:37:36.951,CONFIRMED,Z4621276,1B,Siya Dara,cd6c3bfe231c,,
B1079,P1211,SJ085,2025-06-03 11:37:36.951,CONFIRMED,W2611231,10D,Yug Kar,6644156c0cb7,,
B1080,P1576,SJ023,2025-06-05 11:37:36.951,CONFIRMED,H2488899,22D,Devansh Nigam,e604bae03cb9,6604.5,UPI
B1080,P1576,SJ023,2025-06-05 11:37:36.951,CONFIRMED,H2488899,22D,Devansh Nigam,e604bae03cb9,14564.92,CARD
B1081,P1960,SJ202,2025-11-13 11:37:36.951,CANCELLED,Y8937629,29C,Ansh Karpe,fe69a23d50d7,,
B1082,P1208,SJ150,2025-09-09 11:37:36.951,CANCELLED,Y3036468,30A,Thomas Amble,6e6fc8e5eb8a,,
B1083,P1762,SJ116,2025-05-12 11:37:36.951,CANCELLED,E0381876,9A,Ekavir Bhargava,12cc04e3cd89,6777.38,NETBANKING
B1084,P1896,6F270,2025-06-14 11:37:36.951,PENDING,H2308981,16E,Veer Bir,ec57922fcaee,,
B1085,P1116,UK150,2026-03-24 11:37:36.951,PENDING,V8144582,12A,Azad Narayanan,49d5d43a96ca,11410.8,NETBANKING
B1086,P1627,SJ237,2026-02-16 11:37:36.951,CONFIRMED,G2318297,5D,Ekavir Varkey,f08a89191148,3704.21,UPI
B1086,P1627,SJ237,2026-02-16 11:37:36.951,CONFIRMED,G2318297,5D,Ekavir Varkey,f08a89191148,1169.75,UPI
B1087,P1748,AI221,2025-05-08 11:37:36.951,CANCELLED,L7245000,2F,Wazir Mallick,1b14f1598451,1154.4,NETBANKING
B1087,P1748,AI221,2025-05-08 11:37:36.951,CANCELLED,L7245000,2F,Wazir Mallick,1b14f1598451,2037.52,UPI
B1088,P1477,SJ081,2026-03-25 11:37:36.951,PENDING,A1529113,31A,Vedika Kala,aa533dc08632,7375.1,UPI
B1089,P1104,UK189,2025-09-03 11:37:36.951,CANCELLED,W5090255,25F,Kevin Solanki,ce7a8e9009ce,,
B1090,P1494,SJ068,2025-05-16 11:37:36.951,PENDING,V4442182,31C,Xavier Solanki,afcb3132ff75,,
B1091,P1770,6F043,2025-08-18 11:37:36.951,PENDING,C2248905,25D,Niharika Gupta,75b8d05dbdbb,,
B1092,P1045,UK187,2026-03-18 11:37:36.951,CONFIRMED,P7009004,16D,Girindra Chatterjee,c02a2d15c1ca,9120.54,UPI
B1092,P1045,UK187,2026-03-18 11:37:36.951,CONFIRMED,P7009004,16D,Girindra Chatterjee,c02a2d15c1ca,5439.03,CARD
B1092,P1045,UK187,2026-03-18 11:37:36.951,CONFIRMED,P7009004,16D,Girindra Chatterjee,c02a2d15c1ca,1339.36,NETBANKING
B1093,P1822,UK074,2025-05-11 11:37:36.951,CONFIRMED,L1584826,25E,Raagini Pandya,c3cd6e3e928c,,
B1094,P1330,UK004,2026-01-07 11:37:36.951,PENDING,P2483550,24C,Pallavi Roy,507b49b2f1c6,6923.06,CARD
B1094,P1330,UK004,2026-01-07 11:37:36.951,PENDING,P2483550,24C,Pallavi Roy,507b49b2f1c6,10637.23,CARD
B1095,P1215,6F194,2025-07-30 11:37:36.951,CONFIRMED,X6080706,14B,Unni Bhagat,1360aa096e6b,,
B1096,P1981,UK068,2026-01-03 11:37:36.951,PENDING,Y8795098,12B,Guneet Bhat,4cceba41777c,9995.45,NETBANKING
B1096,P1981,UK068,2026-01-03 11:37:36.951,PENDING,Y8795098,12B,Guneet Bhat,4cceba41777c,8168.44,UPI
B1097,P1959,6F017,2025-08-26 11:37:36.951,CONFIRMED,J0164818,34F,Neha Nori,b1d1f04888f4,,
B1098,P1491,6F245,2025-10-15 11:37:36.951,CONFIRMED,Z4287738,13D,Ikbal Kothari,74d53b628e2e,10455.66,CARD
B1099,P1812,6F254,2025-12-07 11:37:36.951,CONFIRMED,Z1643212,26E,Rehaan Gupta,29d9fc5bb6a6,,
B1100,P1921,UK077,2026-03-05 11:37:36.951,CONFIRMED,F8946420,16D,Saumya Dey,d6ca67486497,,
B1101,P1844,AI029,2025-07-19 11:37:36.951,CONFIRMED,V6314417,3D,Pahal Goswami,da45a947c7de,2214.47,CARD
B1102,P1448,SJ196,2025-10-06 11:37:36.951,INVALID,N2554026,15F,Arya Shere,6b987217ceee,10265.07,UPI
B1102,P1448,SJ196,2025-10-06 11:37:36.951,INVALID,N2554026,15F,Arya Shere,6b987217ceee,14361.62,CARD
B1103,P1535,AI242,2025-08-08 11:37:36.951,CANCELLED,W2430176,20D,Zaid Borra,072c4a6e783b,10750.13,NETBANKING
B1103,P1535,AI242,2025-08-08 11:37:36.951,CANCELLED,W2430176,20D,Zaid Borra,072c4a6e783b,3312.42,NETBANKING
B1104,P1510,AI242,2025-09-12 11:37:36.951,CANCELLED,V9880315,16E,Saanvi Chaudhari,33b1d1f78076,,
B1105,P1457,SJ044,2025-09-11 11:37:36.951,CONFIRMED,J5279050,19F,Chandresh Zachariah,c138ca6574e5,14294.21,UPI
B1106,P1546,UK063,2025-09-01 11:37:36.951,CONFIRMED,H3335384,21F,Alexander Chander,4e12410a7ed7,8027.125,UPI
B1107,P1535,AI056,2025-05-19 11:37:36.951,CONFIRMED,H2111978,30F,Warjas Ganesan,41452bff6d31,,
B1108,P1539,UK207,2025-10-11 11:37:36.951,CANCELLED,B9339137,14B,Niharika Sunder,69eaab618dda,,
B1109,P1483,UK166,2025-12-03 11:37:36.951,CANCELLED,L3060119,33D,Vasana Kala,9a3defcc90fe,13080.08,NETBANKING
B1110,P1975,6F261,2025-12-17 11:37:36.951,PENDING,D7868800,12B,Nandini Bhargava,5e44ab07b996,,
B1111,P1999,UK134,2025-12-25 11:37:36.951,CANCELLED,A9156182,34A,Nitesh Raghavan,1e769f08f898,8027.125,NETBANKING
B1112,P1015,6F152,2025-10-02 11:37:36.951,PENDING,N5774491,27A,Aarnav Ramakrishnan,372d80cbcba7,10855.19,UPI
B1112,P1015,6F152,2025-10-02 11:37:36.951,PENDING,N5774491,27A,Aarnav Ramakrishnan,372d80cbcba7,9807.59,NETBANKING
B1113,P1570,SJ089,2025-11-23 11:37:36.951,CONFIRMED,M9520149,5A,Alka Sha,4fea909145d5,9457.62,UPI
B1114,P1976,6F123,2025-09-26 11:37:36.951,CANCELLED,W4336875,2E,Bhavika Sampath,d3e9bdcc3380,8187.33,NETBANKING
B1115,P1242,AI025,2025-08-23 11:37:36.951,CONFIRMED,P3223998,10A,Vidhi Dubey,b9672ac2bb6b,8185.02,UPI
B1116,P1949,6F030,2025-12-05 11:37:36.951,CONFIRMED,J5561140,19B,Ranveer Minhas,c82efd83e999,9883.49,NETBANKING
B1117,P1206,SJ222,2025-09-02 11:37:36.951,CONFIRMED,B5053766,28F,Teerth Bhardwaj,424bd82b5bfe,11125.21,CARD
B1117,P1206,SJ222,2025-09-02 11:37:36.951,CONFIRMED,B5053766,28F,Teerth Bhardwaj,424bd82b5bfe,13517.5,UPI
B1118,P1911,UK109,2026-04-03 11:37:36.951,CONFIRMED,D1260030,34B,Darsh Murthy,591e227410af,8027.125,NETBANKING
B1119,P1270,SJ117,2025-11-25 11:37:36.951,CANCELLED,N9106271,21F,Dakshesh Bedi,2d5b4665bd0d,14344.34,NETBANKING
B1119,P1270,SJ117,2025-11-25 11:37:36.951,CANCELLED,N9106271,21F,Dakshesh Bedi,2d5b4665bd0d,7924.37,CARD
B1120,P1760,SJ142,2025-08-12 11:37:36.951,CONFIRMED,F3455068,12D,Vansha Thakkar,a2eb9aa947a2,8027.125,CARD
B1120,P1760,SJ142,2025-08-12 11:37:36.951,CONFIRMED,F3455068,12D,Vansha Thakkar,a2eb9aa947a2,1037.82,CARD
B1120,P1760,SJ142,2025-08-12 11:37:36.951,CONFIRMED,F3455068,12D,Vansha Thakkar,a2eb9aa947a2,1533.66,UPI
B1121,P1993,SJ142,2025-06-01 11:37:36.951,PENDING,Z7682938,17C,Nakul Bhandari,2d3f6ee710bc,,
B1122,P1778,AI030,2025-05-02 11:37:36.951,CANCELLED,H4808735,20B,Yashoda Buch,bf883372344c,,
B1123,P1704,6F097,2025-09-23 11:37:36.951,CONFIRMED,W8260335,8A,Quincy Biswas,27eabe6443ec,6074.04,UPI
B1123,P1704,6F097,2025-09-23 11:37:36.951,CONFIRMED,W8260335,8A,Quincy Biswas,27eabe6443ec,8451.44,NETBANKING
B1124,P1846,6F129,2025-05-23 11:37:36.951,CANCELLED,M7090859,5C,Ekansh Keer,5b876d9b63a4,8027.125,CARD
B1124,P1846,6F129,2025-05-23 11:37:36.951,CANCELLED,M7090859,5C,Ekansh Keer,5b876d9b63a4,2030.14,UPI
B1124,P1846,6F129,2025-05-23 11:37:36.951,CANCELLED,M7090859,5C,Ekansh Keer,5b876d9b63a4,13723.54,UPI
B1125,P1729,6F181,2026-01-15 11:37:36.951,PENDING,F0749269,27E,Netra Dar,548f88bb971d,,
B1126,P1114,AI072,2025-10-20 11:37:36.951,CONFIRMED,K8997184,10E,Yatin Baral,39da2224a9bb,,
B1127,P1579,SJ154,2025-06-29 11:37:36.951,PENDING,N9325914,2E,Finn Saini,e115e7674aac,,
B1128,P1298,AI031,2026-04-08 11:37:36.951,CONFIRMED,Y3231234,10D,Diya Lal,ae6e220a6be6,,
B1129,P1836,AI031,2025-09-18 11:37:36.951,PENDING,W0690872,26F,Samarth Murthy,726b381b7645,12008.51,UPI
B1130,P1482,6F158,2025-12-26 11:37:36.951,CONFIRMED,P0723483,34E,William Lanka,0e32f5d97955,,
B1131,P1396,6F184,2025-06-16 11:37:36.951,CANCELLED,Y5382804,1C,Meghana Deep,c09a8065ae25,3592.91,UPI
B1132,P1393,UK141,2025-06-20 11:37:36.951,CONFIRMED,D2996508,10D,Charita Shankar,ba46c67b1a3e,8027.125,UPI
B1132,P1393,UK141,2025-06-20 11:37:36.951,CONFIRMED,D2996508,10D,Charita Shankar,ba46c67b1a3e,2045.26,UPI
B1132,P1393,UK141,2025-06-20 11:37:36.951,CONFIRMED,D2996508,10D,Charita Shankar,ba46c67b1a3e,2632.44,UPI
B1133,P1074,6F168,2025-12-29 11:37:36.951,CANCELLED,E6418696,23D,Diya Bora,e86e629f8cc4,12903.74,NETBANKING
B1133,P1074,6F168,2025-12-29 11:37:36.951,CANCELLED,E6418696,23D,Diya Bora,e86e629f8cc4,1296.69,NETBANKING
B1134,P1977,6F051,2025-07-28 11:37:36.951,CONFIRMED,G0876123,34C,Aditya Shanker,dd94fcfd8241,,
B1135,P1481,6F047,2025-12-02 11:37:36.951,CONFIRMED,D4346823,20E,Harish Borah,93d457382616,10501.09,CARD
B1136,P1102,UK156,2025-10-26 11:37:36.951,PENDING,B0273008,28E,Tanay Toor,b611d83a1d9f,2857.01,NETBANKING
B1137,P1296,AI094,2025-09-01 11:37:36.951,PENDING,C0168311,13E,Alka Deo,e6fb1cef51b6,6179.22,CARD
B1137,P1296,AI094,2025-09-01 11:37:36.951,PENDING,C0168311,13E,Alka Deo,e6fb1cef51b6,3913.54,UPI
B1138,P1177,AI038,2025-07-14 11:37:36.951,PENDING,A0168094,6C,Ikshita Biswas,b06d27694be1,,
B1139,P1214,6F255,2026-01-19 11:37:36.951,CONFIRMED,L0762839,29F,Yash Pingle,4ea2494c8be9,6016.05,UPI
B1140,P1966,SJ025,2026-01-23 11:37:36.951,CONFIRMED,E0534407,29D,Bhavani Dugar,e8dd9015ec6c,8447.38,NETBANKING
B1140,P1966,SJ025,2026-01-23 11:37:36.951,CONFIRMED,E0534407,29D,Bhavani Dugar,e8dd9015ec6c,8027.125,CARD
B1141,P1314,SJ185,2025-10-28 11:37:36.951,CONFIRMED,F0726629,9C,Raksha Mittal,7a204d3eec0e,,
B1142,P1038,6F259,2026-01-21 11:37:36.951,CANCELLED,C7760299,5C,Abhiram Mistry,af6bec53e5ce,4506.21,CARD
B1143,P1258,6F073,2026-04-07 11:37:36.951,CANCELLED,V8413337,15A,Hemang Desai,17c5d7a6eb9f,6360.73,NETBANKING
B1144,P1715,AI091,2025-09-26 11:37:36.951,CONFIRMED,M2356178,6D,Aishani D’Alia,fd4c0410676b,8027.125,CARD
B1145,P1006,6F191,2025-08-23 11:37:36.951,PENDING,F1192061,15D,Hredhaan Dugal,e9c57bb8ed1e,,
B1146,P1048,UK228,2025-08-30 11:37:36.951,PENDING,V5277895,25A,Anita Manda,489514605d56,8027.125,UPI
B1147,P1537,6F146,2026-03-25 11:37:36.951,PENDING,R1844490,11E,Shivansh Oza,68e2c67d0681,,
B1148,P1160,6F068,2025-10-13 11:37:36.951,CONFIRMED,E6480164,19A,Samar Lalla,a00aa7ee6d5b,,
B1149,P1868,SJ218,2026-01-08 11:37:36.951,PENDING,G4167812,30F,Yashasvi Suresh,7537ee52503a,3280.83,UPI
B1149,P1868,SJ218,2026-01-08 11:37:36.951,PENDING,G4167812,30F,Yashasvi Suresh,7537ee52503a,9112.92,CARD
B1150,P1175,UK083,2025-09-25 11:37:36.951,CONFIRMED,V2210217,12A,Zayan Behl,9bb7e7574654,12535.73,NETBANKING
B1151,P1590,SJ007,2026-01-18 11:37:36.951,CANCELLED,V6298579,29B,George Sampath,65b92cd87538,8027.125,CARD
B1152,P1001,AI077,2025-08-14 11:37:36.951,PENDING,H8318285,27A,Aradhana Basu,36b9b82ce8c9,,
B1153,P1894,UK017,2025-12-20 11:37:36.951,CANCELLED,X7079866,8D,Aarush Nath,cf4c698462c6,5774.24,NETBANKING
B1154,P1454,6F229,2026-02-17 11:37:36.951,PENDING,B6736820,24A,Kalpit Lala,28a3aee19049,9979.51,UPI
B1155,P1927,6F074,2025-10-08 11:37:36.951,CONFIRMED,E1223552,6D,Neel Sathe,6f8826023c09,,
B1156,P1643,SJ088,2026-03-25 11:37:36.951,CONFIRMED,L8714692,5E,Prisha Andra,2119b6f12830,3413.47,NETBANKING
B1157,P1275,SJ167,2025-06-28 11:37:36.951,CONFIRMED,X2596790,18B,Isaac Borra,f022539c5dbe,7902.25,NETBANKING
B1158,P1497,6F234,2025-07-20 11:37:36.951,CONFIRMED,Y8480220,22A,Manthan Banik,0f1202e0bc6b,14265.47,UPI
B1159,P1628,UK071,2025-12-10 11:37:36.951,PENDING,W6948424,22F,Kala Divan,12bca88f440a,8897.78,CARD
B1159,P1628,UK071,2025-12-10 11:37:36.951,PENDING,W6948424,22F,Kala Divan,12bca88f440a,8027.125,CARD
B1159,P1628,UK071,2025-12-10 11:37:36.951,PENDING,W6948424,22F,Kala Divan,12bca88f440a,8064.97,CARD
B1160,P1675,AI178,2025-11-21 11:37:36.951,CANCELLED,C4578870,29A,Qushi Datta,b9ee2148b1ab,5267.38,UPI
B1161,P1799,UK104,2025-11-14 11:37:36.951,CONFIRMED,H8676738,12A,Benjamin Morar,64bdcaa685e6,7144.72,UPI
B1161,P1799,UK104,2025-11-14 11:37:36.951,CONFIRMED,H8676738,12A,Benjamin Morar,64bdcaa685e6,9652.61,UPI
B1161,P1799,UK104,2025-11-14 11:37:36.951,CONFIRMED,H8676738,12A,Benjamin Morar,64bdcaa685e6,7842.91,CARD
B1162,P1027,AI146,2025-04-22 11:37:36.951,INVALID,N1917798,32D,Janya Baral,86fa2d94cced,,
B1163,P1332,SJ235,2025-11-10 11:37:36.951,CANCELLED,X6872258,13D,Ishita Kade,31ebc6678504,,
B1164,P1000,6F209,2025-04-24 11:37:36.951,CONFIRMED,Z8580623,24A,Zaid Chauhan,d24b8a9e704c,2684.77,UPI
B1165,P1187,AI129,2025-08-20 11:37:36.951,CANCELLED,M6695790,2F,Irya Ray,d8fcc55904b7,10424.86,NETBANKING
B1165,P1187,AI129,2025-08-20 11:37:36.951,CANCELLED,M6695790,2F,Irya Ray,d8fcc55904b7,9442.05,UPI
B1165,P1187,AI129,2025-08-20 11:37:36.951,CANCELLED,M6695790,2F,Irya Ray,d8fcc55904b7,13603.29,CARD
B1165,P1187,AI129,2025-08-20 11:37:36.951,CANCELLED,M6695790,2F,Irya Ray,d8fcc55904b7,9627.79,CARD
B1166,P1055,SJ141,2026-01-23 11:37:36.951,CONFIRMED,J8255442,34D,Mohammed Khalsa,760f75383578,5530.81,NETBANKING
B1167,P1546,SJ018,2026-02-02 11:37:36.951,CANCELLED,N3259423,9F,Nicholas Goel,d98589e15d1b,7043.11,CARD
B1167,P1546,SJ018,2026-02-02 11:37:36.951,CANCELLED,N3259423,9F,Nicholas Goel,d98589e15d1b,12224.46,UPI
B1167,P1546,SJ018,2026-02-02 11:37:36.951,CANCELLED,N3259423,9F,Nicholas Goel,d98589e15d1b,8032.22,NETBANKING
B1168,P1111,UK120,2025-10-14 11:37:36.951,CANCELLED,N3389156,11C,Nitara Bakshi,bb1836d57d63,5435.83,CARD
B1169,P1797,AI078,2025-11-15 11:37:36.951,CONFIRMED,L2857256,11E,Praneel Natarajan,2ab8c2b10221,3795.6,NETBANKING
B1170,P1309,AI079,2025-09-14 11:37:36.951,PENDING,X3358951,15E,Nisha Kothari,b70217172f9d,,
B1171,P1035,UK087,2025-09-19 11:37:36.951,CANCELLED,N5507846,21A,Amara Dutta,92600e5843b7,7227.28,UPI
B1171,P1035,UK087,2025-09-19 11:37:36.951,CANCELLED,N5507846,21A,Amara Dutta,92600e5843b7,12677.76,UPI
B1171,P1035,UK087,2025-09-19 11:37:36.951,CANCELLED,N5507846,21A,Amara Dutta,92600e5843b7,3406.0,UPI
B1172,P1438,UK133,2026-01-17 11:37:36.951,CONFIRMED,T4430349,8F,Hritik Raja,46d66b2036b5,9220.51,NETBANKING
B1172,P1438,UK133,2026-01-17 11:37:36.951,CONFIRMED,T4430349,8F,Hritik Raja,46d66b2036b5,10384.47,NETBANKING
B1172,P1438,UK133,2026-01-17 11:37:36.951,CONFIRMED,T4430349,8F,Hritik Raja,46d66b2036b5,5872.42,UPI
B1173,P1728,AI222,2025-06-01 11:37:36.951,CANCELLED,D7972038,22E,Balvan Singhal,f548d5152d81,8027.125,UPI
B1174,P1591,6F049,2026-04-12 11:37:36.951,CANCELLED,B1536415,19D,Tristan Iyengar,ed5a73146a7f,8027.125,NETBANKING
B1175,P1825,6F105,2026-01-29 11:37:36.951,PENDING,L3132593,27D,Triveni Palla,9af59edfe642,10654.9,UPI
B1176,P1594,SJ226,2025-04-17 11:37:36.951,CANCELLED,P7500942,7C,Dalaja Kari,476204425944,,
B1177,P1576,SJ227,2025-07-29 11:37:36.951,CANCELLED,M2769819,34D,Udant Bajwa,7130cb277a3a,12412.89,NETBANKING
B1178,P1324,6F034,2026-02-05 11:37:36.951,CONFIRMED,E7045238,34E,Reyansh Rastogi,a289d6cb6563,8027.125,NETBANKING
B1179,P1639,SJ078,2025-10-03 11:37:36.951,CONFIRMED,F2586605,33D,Falguni Mallick,08dbc1b688f7,3495.66,UPI
B1179,P1639,SJ078,2025-10-03 11:37:36.951,CONFIRMED,F2586605,33D,Falguni Mallick,08dbc1b688f7,4786.25,NETBANKING
B1179,P1639,SJ078,2025-10-03 11:37:36.951,CONFIRMED,F2586605,33D,Falguni Mallick,08dbc1b688f7,2337.61,UPI
B1180,P1306,AI240,2026-04-10 11:37:36.951,PENDING,R4422758,22F,Ekaraj Mallick,284a451c7b30,,
B1181,P1533,SJ002,2026-03-29 11:37:36.951,CANCELLED,Z5965594,12E,Indali Upadhyay,8f179b0448a3,,
B1182,P1727,AI044,2025-08-11 11:37:36.951,CANCELLED,Y1165020,3A,Mugdha Yadav,d5a7fd96e8b4,9005.88,UPI
B1183,P1618,UK076,2025-06-22 11:37:36.951,CANCELLED,K5393132,8C,Garima Bala,2335d32c8fe8,,
B1184,P1108,6F232,2025-08-01 11:37:36.951,PENDING,G0557083,28E,Jack Lal,c3c7077136b3,,
B1185,P1371,SJ228,2025-08-16 11:37:36.951,CANCELLED,D4448896,25E,Pranav Lanka,66f3670c5746,13080.31,CARD
B1186,P1356,SJ074,2026-04-04 11:37:36.951,CONFIRMED,T3677462,1B,Balvan Chopra,eaead82b4546,,
B1187,P1180,UK229,2025-08-04 11:37:36.951,PENDING,F5431832,7F,Radha Pai,6b4a3f3b6d19,6625.76,NETBANKING
B1188,P1355,AI208,2026-04-04 11:37:36.951,CONFIRMED,C2392049,6A,Dipta Sarin,6a64067503e7,,
B1189,P1675,AI019,2025-11-23 11:37:36.951,CONFIRMED,A1836472,14F,Yasti D’Alia,ca6e315e1dc5,,
B1190,P1067,6F029,2025-05-23 11:37:36.951,PENDING,A8276817,12B,Lekha Gupta,fd99f686dfb4,,
B1191,P1291,6F018,2025-04-27 11:37:36.951,CONFIRMED,R5458472,25B,Aachal Basu,819fa6d71cbd,,
B1192,P1691,AI059,2025-06-23 11:37:36.951,CANCELLED,E9187683,7D,Rajata Agarwal,f06574ce7271,8027.125,UPI
B1193,P1180,AI159,2025-05-22 11:37:36.951,PENDING,F7172173,13D,Zinal Yohannan,b6dfc64dc99d,,
B1194,P1465,6F091,2025-07-11 11:37:36.951,CONFIRMED,Z9205222,14F,Ronith Patla,99443d2585da,,
B1195,P1433,6F084,2025-07-20 11:37:36.951,CANCELLED,D6591438,10B,Raagini Boase,76b35cf527c0,13205.17,UPI
B1195,P1433,6F084,2025-07-20 11:37:36.951,CANCELLED,D6591438,10B,Raagini Boase,76b35cf527c0,6019.11,CARD
B1196,P1463,UK170,2026-01-15 11:37:36.951,CANCELLED,Z5398358,20C,Ganga Murthy,c4110ec41fba,,
B1197,P1680,UK212,2025-05-19 11:37:36.951,CONFIRMED,T7732643,2E,Jeet Mital,cfe58be43974,8876.86,CARD
B1198,P1913,SJ022,2025-06-16 11:37:36.951,INVALID,J9791279,29A,Yashica More,110b1058cf4e,1830.32,CARD
B1199,P1533,SJ075,2025-12-13 11:37:36.951,PENDING,F7120539,30E,Nilima Narain,041ea4b4cc22,12300.69,NETBANKING
B1199,P1533,SJ075,2025-12-13 11:37:36.951,PENDING,F7120539,30E,Nilima Narain,041ea4b4cc22,1198.83,CARD
B1200,P1065,UK177,2025-09-17 11:37:36.951,CONFIRMED,D3752988,16B,Neha Merchant,899b4099c577,10067.38,NETBANKING
B1200,P1065,UK177,2025-09-17 11:37:36.951,CONFIRMED,D3752988,16B,Neha Merchant,899b4099c577,14034.27,CARD
B1200,P1065,UK177,2025-09-17 11:37:36.951,CONFIRMED,D3752988,16B,Neha Merchant,899b4099c577,6711.92,NETBANKING
B1201,P1020,UK206,2026-02-01 11:37:36.951,CANCELLED,D2560832,3A,Joshua Handa,b250b0d3ec11,7338.75,CARD
B1202,P1611,UK079,2025-04-29 11:37:36.951,CANCELLED,W7978889,29C,Osha Raghavan,95051ac70465,1973.12,UPI
B1203,P1383,UK040,2025-06-21 11:37:36.951,CONFIRMED,M8523860,3B,Owen Mitra,1f0d7dde3a7d,12774.63,NETBANKING
B1204,P1811,AI034,2025-07-25 11:37:36.951,CONFIRMED,K3619951,30A,Nidra Acharya,76ba3a917ff1,14106.07,CARD
B1205,P1614,UK034,2025-10-18 11:37:36.951,CONFIRMED,F3910292,23F,Daksha Mangat,1e6b9c8ff35f,10452.65,UPI
B1206,P1558,AI088,2025-07-02 11:37:36.951,CONFIRMED,K3748309,13A,Shivansh Sani,714a506af804,,
B1207,P1038,AI128,2025-06-11 11:37:36.951,PENDING,C3971912,26A,Ekanta Shroff,adbd5e675ea4,10823.99,CARD
B1208,P1284,SJ052,2025-07-22 11:37:36.951,INVALID,E1321767,9A,Riya Sathe,f8d05f2aca83,9105.12,NETBANKING
B1208,P1284,SJ052,2025-07-22 11:37:36.951,INVALID,E1321767,9A,Riya Sathe,f8d05f2aca83,12966.45,CARD
B1209,P1821,AI233,2025-12-15 11:37:36.951,PENDING,C1166122,3A,Tanay Vaidya,09a0990923bf,10307.2,NETBANKING
B1210,P1601,AI012,2026-01-20 11:37:36.951,PENDING,E5873393,3C,Urvashi Gara,a0edbbb3dfce,,
B1211,P1596,AI084,2025-07-07 11:37:36.951,CONFIRMED,N5380274,34A,Frado Mander,cda8308f4f51,,
B1212,P1784,6F126,2025-07-08 11:37:36.951,PENDING,K2114086,34B,Yutika Nayak,5d5f312f016a,8421.62,NETBANKING
B1213,P1335,SJ061,2025-06-16 11:37:36.951,CONFIRMED,X5229462,2E,Girik Keer,e6245d6b196e,,
B1214,P1187,UK194,2025-08-14 11:37:36.951,CONFIRMED,M5610399,23B,Dayita Kar,ef2803cccc07,,
B1215,P1670,AI135,2025-08-08 11:37:36.951,CANCELLED,A1371243,28C,Rushil Din,25fbf30d7386,9065.13,NETBANKING
B1215,P1670,AI135,2025-08-08 11:37:36.951,CANCELLED,A1371243,28C,Rushil Din,25fbf30d7386,2886.02,NETBANKING
B1216,P1242,6F238,2025-12-09 11:37:36.951,CONFIRMED,M6423041,10A,Aryan Batra,5bc78348cffa,1149.69,CARD
B1216,P1242,6F238,2025-12-09 11:37:36.951,CONFIRMED,M6423041,10A,Aryan Batra,5bc78348cffa,12779.83,UPI
B1216,P1242,6F238,2025-12-09 11:37:36.951,CONFIRMED,M6423041,10A,Aryan Batra,5bc78348cffa,5236.29,NETBANKING
B1217,P1072,6F092,2026-03-19 11:37:36.951,CANCELLED,B6159273,32C,Yash Soman,cfeaf263a90e,,
B1218,P1478,AI213,2025-11-13 11:37:36.951,PENDING,Y9071669,2D,Elijah Shah,abd820607b67,,
B1219,P1973,UK193,2026-02-15 11:37:36.951,CANCELLED,E4815542,1B,Oeshi Hayer,3d69fc16485c,,
B1220,P1560,6F178,2026-04-04 11:37:36.951,PENDING,H0109567,29C,Leena Talwar,a2dd0f5ed433,11075.72,UPI
B1221,P1100,AI158,2026-03-06 11:37:36.951,CONFIRMED,K9157955,19D,Mugdha Kohli,e3a61685cdd9,13658.68,UPI
B1221,P1100,AI158,2026-03-06 11:37:36.951,CONFIRMED,K9157955,19D,Mugdha Kohli,e3a61685cdd9,5138.43,UPI
B1222,P1513,UK208,2026-03-30 11:37:36.951,PENDING,J7124760,8A,Manbir Ahluwalia,f082a65d3df6,,
B1223,P1755,6F056,2026-04-09 11:37:36.951,CONFIRMED,D8103068,15A,Hredhaan Sandal,7bcfbc12a73f,1794.08,UPI
B1224,P1175,UK185,2025-10-26 11:37:36.951,CONFIRMED,J1726808,1E,Theodore Goda,c8e3f88bb91e,,
B1225,P1237,AI163,2026-01-13 11:37:36.951,PENDING,M7129015,4D,Zarna Shetty,ef3204173e85,8027.125,CARD
B1225,P1237,AI163,2026-01-13 11:37:36.951,PENDING,M7129015,4D,Zarna Shetty,ef3204173e85,3894.65,CARD
B1226,P1909,AI112,2025-08-23 11:37:36.951,CONFIRMED,V0671307,15C,Chandresh Krish,23ddb7e7f370,8968.11,NETBANKING
B1227,P1058,AI227,2025-10-23 11:37:36.951,CANCELLED,K5847436,12A,Jairaj Shan,354eebec1be8,8027.125,CARD
B1228,P1864,SJ083,2026-04-17 11:37:36.951,CONFIRMED,A9625885,29D,Kiaan Shetty,a3710eee316d,4629.36,CARD
B1228,P1864,SJ083,2026-04-17 11:37:36.951,CONFIRMED,A9625885,29D,Kiaan Shetty,a3710eee316d,7087.22,UPI
B1229,P1098,UK073,2026-02-07 11:37:36.951,CONFIRMED,J7031805,13F,Edhitha Savant,c16a6f721b7f,,
B1230,P1953,6F169,2025-04-29 11:37:36.951,PENDING,N2746662,6C,Yamini Sandhu,c6c07ec340d3,4531.77,CARD
B1231,P1870,UK154,2026-04-06 11:37:36.951,CANCELLED,H2700046,27D,Sanaya Dutt,a5da213728e1,6547.3,UPI
B1231,P1870,UK154,2026-04-06 11:37:36.951,CANCELLED,H2700046,27D,Sanaya Dutt,a5da213728e1,5009.12,UPI
B1232,P1953,SJ169,2025-10-06 11:37:36.951,CONFIRMED,L9011079,32F,Vaishnavi Sengupta,ea432adbd120,,
B1233,P1494,6F187,2025-05-13 11:37:36.951,CANCELLED,J0049388,5F,Aashi Kota,f0e6ac0d7400,1617.29,NETBANKING
B1234,P1946,UK210,2025-11-21 11:37:36.951,CANCELLED,A5315204,33A,Aradhana Verma,9b3411efb450,7984.22,CARD
B1235,P1979,6F250,2025-12-23 11:37:36.951,PENDING,Y7698731,13D,Vedhika Khare,f7260ccabab1,8027.125,NETBANKING
B1235,P1979,6F250,2025-12-23 11:37:36.951,PENDING,Y7698731,13D,Vedhika Khare,f7260ccabab1,1236.74,CARD
B1236,P1513,AI062,2025-07-05 11:37:36.951,CONFIRMED,D6698416,25A,Anvi Sarraf,b84feaf15c73,,
B1237,P1754,AI047,2025-11-16 11:37:36.951,CONFIRMED,T4077943,15B,Faras Mangal,ed4008e736a8,,
B1238,P1296,SJ186,2025-10-20 11:37:36.951,CONFIRMED,F3899499,8E,Wahab Magar,8820eac71dc1,3231.46,UPI
B1239,P1210,AI217,2025-11-17 11:37:36.951,CANCELLED,A1426203,30A,Gautami Nagarajan,5d6c95420996,8821.9,UPI
B1240,P1122,UK100,2025-12-31 11:37:36.951,CONFIRMED,W2116020,17A,Faris Devi,529dc7edcdcf,12241.53,UPI
B1241,P1228,UK116,2025-12-16 11:37:36.951,CONFIRMED,M9989897,10A,Matthew Kashyap,eca6b7b73491,8027.125,NETBANKING
B1242,P1593,6F036,2025-12-01 11:37:36.951,CANCELLED,A8894801,26C,Leela Dua,6603537cdecc,,
B1243,P1655,AI175,2026-01-22 11:37:36.951,CANCELLED,E2175883,29E,Tanish Bhatt,64a983e41bb1,,
B1244,P1387,UK051,2025-08-18 11:37:36.951,CONFIRMED,A8200480,27D,Oeshi Reddy,4591e4631949,4953.56,CARD
B1245,P1139,6F201,2026-04-17 11:37:36.951,CONFIRMED,C2369149,26A,Ganga Shukla,5e87232d6430,3162.91,CARD
B1246,P1540,6F230,2026-04-09 11:37:36.951,CONFIRMED,V7942968,33B,Ojasvi Bhatia,0c9085a4d2e2,11516.06,CARD
B1247,P1390,SJ138,2025-08-13 11:37:36.951,CANCELLED,N9704095,15F,Samuel Salvi,4508f578e1a5,7658.69,CARD
B1248,P1269,AI246,2026-03-04 11:37:36.951,PENDING,C9615607,16B,Lopa Bahri,57a0d7797e9a,,
B1249,P1758,6F179,2025-06-06 11:37:36.951,CANCELLED,W8356517,26B,Lajita Sood,82ab4fded809,1969.22,UPI
B1249,P1758,6F179,2025-06-06 11:37:36.951,CANCELLED,W8356517,26B,Lajita Sood,82ab4fded809,3055.22,NETBANKING
B1250,P1011,6F031,2026-01-28 11:37:36.951,CANCELLED,B9649668,16F,Abeer Pandey,126805b7ff13,6497.92,NETBANKING
B1251,P1866,UK015,2025-08-30 11:37:36.951,PENDING,P0478421,29A,Chanchal Ramakrishnan,b1ede7af877d,6952.65,UPI
B1252,P1388,UK001,2025-04-21 11:37:36.951,CANCELLED,L1622593,27C,Oni Yohannan,f14733efffc3,1480.08,CARD
B1253,P1336,6F133,2026-02-27 11:37:36.951,CANCELLED,V9348688,15E,Thomas Sura,a3d321d80043,2152.89,NETBANKING
B1253,P1336,6F133,2026-02-27 11:37:36.951,CANCELLED,V9348688,15E,Thomas Sura,a3d321d80043,14029.28,NETBANKING
B1254,P1505,6F143,2025-07-22 11:37:36.951,CANCELLED,E4672879,5D,Theodore Mahajan,86334ad11833,8027.125,UPI
B1255,P1105,UK165,2025-09-22 11:37:36.951,CANCELLED,C1413193,23F,Rajata Sunder,a239c34c3c87,1412.67,CARD
B1256,P1031,6F083,2025-08-10 11:37:36.951,CANCELLED,G6133760,22B,Ayush Ramachandran,341a6496d83c,2040.64,NETBANKING
B1257,P1073,AI082,2025-08-19 11:37:36.951,CANCELLED,J5881650,11C,Gayathri Ravel,f0214148a733,13028.65,NETBANKING
B1258,P1170,AI164,2025-10-28 11:37:36.951,CANCELLED,K7241916,21F,Noah Sibal,c17e1508687c,,
B1259,P1848,SJ155,2026-01-19 11:37:36.951,CANCELLED,K4096617,31F,Joshua Walla,c59fdc42b406,12805.67,CARD
B1260,P1068,AI189,2026-01-04 11:37:36.951,CANCELLED,V2498980,1D,Avi Ramesh,8b1bfc9e9502,9458.88,NETBANKING
B1260,P1068,AI189,2026-01-04 11:37:36.951,CANCELLED,V2498980,1D,Avi Ramesh,8b1bfc9e9502,2117.99,NETBANKING
B1260,P1068,AI189,2026-01-04 11:37:36.951,CANCELLED,V2498980,1D,Avi Ramesh,8b1bfc9e9502,4716.99,NETBANKING
B1261,P1812,SJ057,2025-12-21 11:37:36.951,CONFIRMED,W2141746,34A,Avi Chacko,d7011a4f4f31,,
B1262,P1361,SJ198,2025-05-07 11:37:36.951,CONFIRMED,Y2664869,16F,Priya Deshmukh,b39cabd28622,3896.83,UPI
B1262,P1361,SJ198,2025-05-07 11:37:36.951,CONFIRMED,Y2664869,16F,Priya Deshmukh,b39cabd28622,6722.37,UPI
B1263,P1648,6F122,2026-01-03 11:37:36.951,CANCELLED,Y8748694,6C,Triya Gopal,d08de6dec01e,1483.05,NETBANKING
B1263,P1648,6F122,2026-01-03 11:37:36.951,CANCELLED,Y8748694,6C,Triya Gopal,d08de6dec01e,10997.85,UPI
B1264,P1432,SJ097,2026-04-15 11:37:36.951,CONFIRMED,J5011929,12A,Chandresh Lad,54dacc432cde,3936.86,NETBANKING
B1264,P1432,SJ097,2026-04-15 11:37:36.951,CONFIRMED,J5011929,12A,Chandresh Lad,54dacc432cde,4662.75,UPI
B1265,P1928,UK203,2025-08-06 11:37:36.951,PENDING,H6051171,28F,Ladli Narang,bc9e2b7b59c8,,
B1266,P1995,UK093,2026-01-16 11:37:36.951,CONFIRMED,Y8863653,27F,Siddharth Sha,150bd82b6c2d,14431.32,UPI
B1267,P1099,AI205,2025-05-21 11:37:36.951,CANCELLED,V9455906,32A,Eta Nazareth,68e8b404473e,2158.29,CARD
B1267,P1099,AI205,2025-05-21 11:37:36.951,CANCELLED,V9455906,32A,Eta Nazareth,68e8b404473e,14150.69,UPI
B1268,P1657,AI102,2026-01-16 11:37:36.951,INVALID,Y9424894,12A,Ladli Mall,d03b38a5dd2c,13289.27,CARD
B1269,P1008,6F046,2025-09-06 11:37:36.951,CONFIRMED,N4896676,4C,Oviya Krishnan,47e269c63f7f,6692.76,UPI
B1269,P1008,6F046,2025-09-06 11:37:36.951,CONFIRMED,N4896676,4C,Oviya Krishnan,47e269c63f7f,14606.94,CARD
B1270,P1573,SJ017,2025-06-02 11:37:36.951,CONFIRMED,F0456577,22E,Finn Singhal,0780ed542031,,
B1271,P1696,6F156,2025-10-20 11:37:36.951,PENDING,R4533890,28B,Anirudh Zacharia,ab3f759669ea,12211.33,NETBANKING
B1272,P1028,AI068,2025-07-18 11:37:36.951,PENDING,M4662265,19A,Charles Palla,a357e112cd2c,7902.41,UPI
B1272,P1028,AI068,2025-07-18 11:37:36.951,PENDING,M4662265,19A,Charles Palla,a357e112cd2c,12486.95,UPI
B1272,P1028,AI068,2025-07-18 11:37:36.951,PENDING,M4662265,19A,Charles Palla,a357e112cd2c,8027.125,UPI
B1272,P1028,AI068,2025-07-18 11:37:36.951,PENDING,M4662265,19A,Charles Palla,a357e112cd2c,10043.5,CARD
B1273,P1892,AI150,2025-06-05 11:37:36.951,CONFIRMED,Z5995300,28B,Udarsh Biswas,102149d539bc,5268.31,UPI
B1273,P1892,AI150,2025-06-05 11:37:36.951,CONFIRMED,Z5995300,28B,Udarsh Biswas,102149d539bc,3873.81,CARD
B1274,P1113,UK008,2025-10-15 11:37:36.951,PENDING,F2427677,20D,Banjeet Balasubramanian,54a28a02c03f,8582.34,NETBANKING
B1275,P1461,6F166,2025-07-11 11:37:36.951,PENDING,L9160112,18F,Yug Iyengar,571399853536,,
B1276,P1920,6F177,2025-07-15 11:37:36.951,CONFIRMED,M8488600,1A,Anmol Dua,88dd037c795c,9396.07,UPI
B1277,P1142,AI196,2026-01-19 11:37:36.951,PENDING,V6778231,12E,William Date,ac8a554c6a12,,
B1278,P1389,SJ191,2025-08-09 11:37:36.951,CONFIRMED,A4726426,5B,Urvashi Contractor,1ebcbf63ee21,,
B1279,P1631,6F019,2025-05-10 11:37:36.951,CONFIRMED,B3843753,28C,Tejas Shroff,c64752bd7eed,5467.05,UPI
B1280,P1681,AI226,2026-04-12 11:37:36.951,CONFIRMED,W0785254,33B,Aahana Pillay,bc60650eac82,,
B1281,P1156,SJ207,2026-01-21 11:37:36.951,CANCELLED,D8385454,4A,Oliver Contractor,d9f7ff5c757c,4413.8,CARD
B1282,P1334,AI009,2025-12-30 11:37:36.951,CANCELLED,K5475231,8B,Nihal Mukhopadhyay,5aa036e25f39,,
B1283,P1860,AI103,2025-05-08 11:37:36.951,INVALID,R4897917,29D,Hritik Bal,124138d884a5,1369.37,NETBANKING
B1283,P1860,AI103,2025-05-08 11:37:36.951,INVALID,R4897917,29D,Hritik Bal,124138d884a5,7236.69,CARD
B1284,P1259,SJ127,2026-02-22 11:37:36.951,CANCELLED,K2720388,25F,Devika Prashad,b98cbdd82d75,4189.8,UPI
B1284,P1259,SJ127,2026-02-22 11:37:36.951,CANCELLED,K2720388,25F,Devika Prashad,b98cbdd82d75,8516.93,CARD
B1285,P1081,UK188,2026-03-26 11:37:36.951,CANCELLED,C7508019,25B,Mekhala Issac,a4cd35d6e44b,1207.32,NETBANKING
B1286,P1753,6F010,2025-09-25 11:37:36.951,INVALID,L3069358,33B,Faqid Kibe,de4a7f8f06f3,,
B1287,P1440,SJ098,2025-12-13 11:37:36.951,CANCELLED,H5340018,5F,Harsh Mitra,4b7ea6763c0b,14610.33,CARD
B1287,P1440,SJ098,2025-12-13 11:37:36.951,CANCELLED,H5340018,5F,Harsh Mitra,4b7ea6763c0b,7693.36,CARD
B1288,P1944,6F058,2025-12-11 11:37:36.951,PENDING,T8481652,18C,Jai Barman,c69cac3a7955,1114.05,CARD
B1288,P1944,6F058,2025-12-11 11:37:36.951,PENDING,T8481652,18C,Jai Barman,c69cac3a7955,8140.84,NETBANKING
B1289,P1171,SJ030,2026-03-23 11:37:36.951,PENDING,M4460838,24F,Idika Walia,2dbf62732610,8027.125,UPI
B1289,P1171,SJ030,2026-03-23 11:37:36.951,PENDING,M4460838,24F,Idika Walia,2dbf62732610,12016.99,NETBANKING
B1290,P1230,UK175,2025-07-26 11:37:36.951,CANCELLED,Y9378105,16F,Priya Prabhakar,082e1ea8402f,13471.57,UPI
B1291,P1719,SJ108,2026-04-01 11:37:36.951,PENDING,W7884869,28E,Ekapad Toor,3d27b3b43f18,4129.39,NETBANKING
B1292,P1074,6F075,2025-08-03 11:37:36.951,CONFIRMED,Y0457927,7C,Harita Arora,b17b04f4290a,13787.78,NETBANKING
B1292,P1074,6F075,2025-08-03 11:37:36.951,CONFIRMED,Y0457927,7C,Harita Arora,b17b04f4290a,8321.74,UPI
B1293,P1269,UK222,2025-08-31 11:37:36.951,CONFIRMED,E4630198,25F,Osha Suri,cacc5bd620a8,6227.3,NETBANKING
B1294,P1898,6F250,2025-07-13 11:37:36.951,CANCELLED,J2383972,34B,Hitesh Sant,f7c5e7112923,,
B1295,P1625,AI096,2025-12-29 11:37:36.951,CANCELLED,D2187062,14B,Janaki Sharaf,ce484175f21e,,
B1296,P1061,AI216,2025-12-23 11:37:36.951,CANCELLED,X8322101,1B,Michael Saran,b5b43fa14535,,
B1297,P1873,6F193,2026-01-23 11:37:36.951,PENDING,A0186766,8A,Patrick Vig,52f7147c72fb,,
B1298,P1319,SJ194,2026-01-02 11:37:36.951,PENDING,Z9876108,6C,Anamika Yohannan,765063314e90,,
B1299,P1101,SJ020,2025-09-11 11:37:36.951,CONFIRMED,N1403845,16F,Veda Shroff,166ac5d20f82,8842.93,CARD
B1300,P1428,6F070,2025-06-14 11:37:36.951,PENDING,V0746823,21C,Rajata Loyal,5324c3356361,,
B1301,P1873,AI051,2025-09-03 11:37:36.951,CONFIRMED,L1003076,12A,Ekantika Korpal,e2b11b0f6792,14671.03,UPI
B1302,P1721,UK219,2025-12-27 11:37:36.951,PENDING,J5967150,3D,Gabriel Mallick,0bd795f9d078,6515.83,NETBANKING
B1302,P1721,UK219,2025-12-27 11:37:36.951,PENDING,J5967150,3D,Gabriel Mallick,0bd795f9d078,8423.69,NETBANKING
B1302,P1721,UK219,2025-12-27 11:37:36.951,PENDING,J5967150,3D,Gabriel Mallick,0bd795f9d078,9282.39,UPI
B1303,P1953,AI235,2025-12-13 11:37:36.951,CONFIRMED,N6411065,20A,Shravya Kohli,36269b12a911,5866.4,CARD
B1303,P1953,AI235,2025-12-13 11:37:36.951,CONFIRMED,N6411065,20A,Shravya Kohli,36269b12a911,13806.55,NETBANKING
B1304,P1254,6F022,2025-12-13 11:37:36.951,INVALID,H4078516,18E,Ucchal Raghavan,a141f90da263,,
B1305,P1531,SJ114,2025-09-28 11:37:36.951,PENDING,V9058366,13C,Gayathri Balakrishnan,c393fb281cc5,13844.39,NETBANKING
B1306,P1569,SJ076,2025-12-01 11:37:36.951,CONFIRMED,W9996269,30A,Warda Nair,1e13968b714e,9753.04,NETBANKING
B1307,P1111,UK227,2026-01-26 11:37:36.951,PENDING,P8889178,32E,Qabil Sura,c489962c2fdd,12772.93,CARD
B1307,P1111,UK227,2026-01-26 11:37:36.951,PENDING,P8889178,32E,Qabil Sura,c489962c2fdd,13498.4,CARD
B1308,P1984,UK135,2025-07-22 11:37:36.951,CANCELLED,A5962571,30D,Simon Pant,34fec529c401,9613.19,UPI
B1308,P1984,UK135,2025-07-22 11:37:36.951,CANCELLED,A5962571,30D,Simon Pant,34fec529c401,12097.48,UPI
B1309,P1312,AI234,2025-05-06 11:37:36.951,CONFIRMED,Y3201265,30F,Aarna Oak,3552c212ce4f,,
B1310,P1997,6F113,2025-08-20 11:37:36.951,PENDING,A4180952,5D,Ati Majumdar,4fea716b35b4,7370.22,UPI
B1311,P1460,SJ206,2025-11-16 11:37:36.951,PENDING,V5177741,9D,Advaith Varughese,c589bf62bb7e,,
B1312,P1707,AI015,2026-03-29 11:37:36.951,CONFIRMED,Y2118824,6E,Rayaan Chada,78a2baca9b62,,
B1313,P1886,6F260,2025-05-16 11:37:36.951,CANCELLED,P4222975,33E,Wyatt Ray,abf7c5845cfb,,
B1314,P1461,AI061,2025-04-28 11:37:36.951,CONFIRMED,B4542185,19C,Vrinda Khosla,4e7bef6629f8,8027.125,NETBANKING
B1314,P1461,AI061,2025-04-28 11:37:36.951,CONFIRMED,B4542185,19C,Vrinda Khosla,4e7bef6629f8,7529.51,CARD
B1315,P1864,6F237,2026-03-26 11:37:36.951,PENDING,B5682092,9C,Vamakshi Swaminathan,8bd4cf9c958e,,
B1316,P1091,SJ099,2026-01-06 11:37:36.951,PENDING,A9001635,27C,Sara Badal,ca73255b2d47,11302.63,UPI
B1317,P1051,SJ146,2026-02-24 11:37:36.951,CANCELLED,F3247282,21F,Girik Menon,cbfd1dabba27,12552.7,NETBANKING
B1317,P1051,SJ146,2026-02-24 11:37:36.951,CANCELLED,F3247282,21F,Girik Menon,cbfd1dabba27,7684.83,UPI
B1317,P1051,SJ146,2026-02-24 11:37:36.951,CANCELLED,F3247282,21F,Girik Menon,cbfd1dabba27,13045.18,CARD
B1318,P1804,SJ146,2025-05-23 11:37:36.951,CANCELLED,B1788224,29B,Timothy Ravel,443d1daa3c4f,4594.77,UPI
B1319,P1519,6F071,2025-05-04 11:37:36.951,CONFIRMED,P1685071,4C,Yagnesh Mohan,1116984bd1e6,5359.26,UPI
B1320,P1811,6F272,2025-08-13 11:37:36.951,PENDING,D9509271,6C,Jyoti Solanki,9fdbb1ace1fa,12788.34,UPI
B1320,P1811,6F272,2025-08-13 11:37:36.951,PENDING,D9509271,6C,Jyoti Solanki,9fdbb1ace1fa,9370.75,CARD
B1321,P1097,SJ029,2026-02-12 11:37:36.951,PENDING,C0537092,13A,Hemangini Sandal,b65ce1843543,,
B1322,P1235,UK084,2025-07-27 11:37:36.951,CONFIRMED,C6950074,6E,Ganga Pandey,bcfbf68a4dd2,,
B1323,P1900,SJ048,2026-02-06 11:37:36.951,CONFIRMED,L4329876,14D,Sudiksha Madan,5fb9da0a1852,,
B1324,P1373,AI108,2026-02-04 11:37:36.951,CANCELLED,Y4471619,33B,Damini Krishnamurthy,fd9ec2c3eb7e,7543.0,NETBANKING
B1324,P1373,AI108,2026-02-04 11:37:36.951,CANCELLED,Y4471619,33B,Damini Krishnamurthy,fd9ec2c3eb7e,8027.125,CARD
B1325,P1580,SJ134,2025-08-11 11:37:36.951,CANCELLED,K8131045,3B,Vihaan Dara,2b4428272d89,4503.45,UPI
B1326,P1926,UK146,2025-10-31 11:37:36.951,CONFIRMED,W9632174,14F,Reyansh Mutti,85c131a331e6,,
B1327,P1556,SJ036,2025-09-24 11:37:36.951,CONFIRMED,J8352680,26C,Jagdish Wason,4ab683beebfa,13822.99,UPI
B1328,P1648,6F202,2025-11-01 11:37:36.951,PENDING,P7398344,33B,Qasim Handa,3767765c839d,,
B1329,P1233,UK041,2026-02-13 11:37:36.951,CONFIRMED,L3646280,22C,Tarak Sule,0b4555ec64d3,6401.38,UPI
B1330,P1031,6F078,2025-12-06 11:37:36.951,CONFIRMED,R4065795,23A,Aradhana Vohra,db270a716771,,
B1331,P1288,AI097,2025-07-03 11:37:36.951,PENDING,F3920908,22C,Barkha Chaudhry,f166bf72a120,7131.5,NETBANKING
B1332,P1637,UK159,2026-01-15 11:37:36.951,CONFIRMED,T4091311,7D,Rishi Minhas,c35980bb6359,4183.32,NETBANKING
B1333,P1578,UK044,2025-09-06 11:37:36.951,CANCELLED,Y0254760,12B,Utkarsh Patel,91887220400f,2238.82,UPI
B1333,P1578,UK044,2025-09-06 11:37:36.951,CANCELLED,Y0254760,12B,Utkarsh Patel,91887220400f,2372.08,NETBANKING
B1334,P1541,6F176,2025-09-27 11:37:36.951,CANCELLED,Y5354120,6F,Praneel Mittal,3f63416cc52d,,
B1335,P1113,SJ221,2026-02-11 11:37:36.951,PENDING,R5950026,4A,Akshay Walla,d8167526482d,,
B1336,P1203,6F112,2025-07-03 11:37:36.951,CONFIRMED,L3259479,22A,Jonathan Mahal,3e71daa1f318,,
B1337,P1028,6F246,2025-10-20 11:37:36.951,INVALID,B7173279,4C,Chakradev Bhagat,78f2e39ca2e6,,
B1338,P1642,6F014,2026-02-21 11:37:36.951,CANCELLED,A3100649,14C,Brinda Date,9eba1a2a662c,,
B1339,P1473,AI237,2025-09-17 11:37:36.951,CANCELLED,X1045203,28A,Vritti Chauhan,81da2f8e9fe2,,
B1340,P1696,6F003,2025-12-14 11:37:36.951,CANCELLED,C8491359,12E,Advik Mane,750579d0844b,,
B1341,P1252,6F249,2025-07-04 11:37:36.951,CONFIRMED,H5952056,5A,Upasna Srinivas,c7860ffce2b8,9263.24,CARD
B1341,P1252,6F249,2025-07-04 11:37:36.951,CONFIRMED,H5952056,5A,Upasna Srinivas,c7860ffce2b8,8027.125,NETBANKING
B1342,P1797,UK149,2025-04-29 11:37:36.951,CONFIRMED,T9900696,4A,Ridhi Oak,81cf89fc5e09,8027.125,NETBANKING
B1342,P1797,UK149,2025-04-29 11:37:36.951,CONFIRMED,T9900696,4A,Ridhi Oak,81cf89fc5e09,10237.49,CARD
B1342,P1797,UK149,2025-04-29 11:37:36.951,CONFIRMED,T9900696,4A,Ridhi Oak,81cf89fc5e09,8765.79,NETBANKING
B1343,P1904,SJ163,2026-03-08 11:37:36.951,CONFIRMED,R7403784,9F,Qarin Behl,a9828a4489f9,,
B1344,P1921,SJ243,2026-03-28 11:37:36.951,CONFIRMED,G9449530,1D,Zayyan Sridhar,b700a7af32e1,,
B1345,P1385,UK113,2025-06-06 11:37:36.951,CANCELLED,N2550325,1A,Ishaan Bhattacharyya,bd6a71b0b06b,,
B1346,P1061,AI071,2025-06-07 11:37:36.951,PENDING,N5426241,30E,Nandini Swamy,c92d82e5a4fb,,
B1347,P1514,6F271,2026-02-07 11:37:36.951,PENDING,X0292334,22A,Ethan Bera,b79a262071a3,12000.54,CARD
B1348,P1429,SJ015,2025-06-05 11:37:36.951,CANCELLED,B9060530,27E,Max Dixit,7eaa9e55b3f4,,
B1349,P1579,UK047,2025-11-19 11:37:36.951,CANCELLED,A2116673,9E,Daksha Chada,f1d3bab593b3,11101.75,CARD
B1350,P1536,UK020,2026-02-04 11:37:36.951,PENDING,L7598875,12A,Yuvraj Dani,dd655e480b51,13802.17,UPI
B1350,P1536,UK020,2026-02-04 11:37:36.951,PENDING,L7598875,12A,Yuvraj Dani,dd655e480b51,7709.03,CARD
B1350,P1536,UK020,2026-02-04 11:37:36.951,PENDING,L7598875,12A,Yuvraj Dani,dd655e480b51,8540.17,CARD
B1351,P1690,AI122,2025-09-03 11:37:36.951,PENDING,X6426033,27F,Omaja Kara,ad40d4f5cfaa,14687.44,UPI
B1352,P1140,UK223,2025-10-20 11:37:36.951,CANCELLED,A2755821,17D,Lajita Seshadri,f8a89e03107b,2116.34,CARD
B1352,P1140,UK223,2025-10-20 11:37:36.951,CANCELLED,A2755821,17D,Lajita Seshadri,f8a89e03107b,10103.51,UPI
B1353,P1742,6F148,2025-09-19 11:37:36.951,CANCELLED,Y2071152,15F,Saanvi Mishra,7ff4886c7746,,
B1354,P1299,SJ162,2025-12-14 11:37:36.951,CONFIRMED,G6219215,34A,Pushti Mody,1077bb90b018,10023.88,UPI
B1355,P1674,6F127,2026-03-30 11:37:36.951,CONFIRMED,A5916118,28B,Darpan Chaudhary,b4228c9a7bef,5421.14,CARD
B1355,P1674,6F127,2026-03-30 11:37:36.951,CONFIRMED,A5916118,28B,Darpan Chaudhary,b4228c9a7bef,8877.37,CARD
B1356,P1310,AI173,2025-11-10 11:37:36.951,PENDING,W8195977,11F,Sarthak Kakar,15d234df07c2,,
B1357,P1470,6F065,2026-02-05 11:37:36.951,CONFIRMED,W8005378,14A,Aishani Bumb,c55df17ad09c,6983.72,UPI
B1358,P1392,AI053,2025-06-22 11:37:36.951,PENDING,E8972845,20A,Naksh Khatri,d9f526acafa7,,
B1359,P1641,AI241,2025-10-22 11:37:36.951,CONFIRMED,E2720028,14E,Oscar Borde,c216034227e6,8027.125,CARD
B1359,P1641,AI241,2025-10-22 11:37:36.951,CONFIRMED,E2720028,14E,Oscar Borde,c216034227e6,3097.73,CARD
B1359,P1641,AI241,2025-10-22 11:37:36.951,CONFIRMED,E2720028,14E,Oscar Borde,c216034227e6,8949.59,UPI
B1359,P1641,AI241,2025-10-22 11:37:36.951,CONFIRMED,E2720028,14E,Oscar Borde,c216034227e6,9519.49,UPI
B1360,P1444,AI105,2025-06-15 11:37:36.951,CONFIRMED,E3220414,18D,Naksh Agate,565c65698383,,
B1361,P1757,AI110,2025-08-24 11:37:36.951,PENDING,G2811659,13F,Nilima Seshadri,11f3fb534d80,5339.72,UPI
B1362,P1808,AI252,2025-10-22 11:37:36.951,CONFIRMED,E0203042,15B,Upma Manne,8f24c480101b,,
B1363,P1171,AI149,2025-12-14 11:37:36.951,CANCELLED,R7521353,3B,Bachittar Kata,6395ed3ce6f3,8554.62,NETBANKING
B1364,P1575,AI224,2025-09-09 11:37:36.951,PENDING,L0646300,23F,Bhavya Mandal,06f1f663847e,2061.92,CARD
B1364,P1575,AI224,2025-09-09 11:37:36.951,PENDING,L0646300,23F,Bhavya Mandal,06f1f663847e,10914.38,NETBANKING
B1364,P1575,AI224,2025-09-09 11:37:36.951,PENDING,L0646300,23F,Bhavya Mandal,06f1f663847e,1147.36,NETBANKING
B1365,P1030,UK158,2025-07-03 11:37:36.951,CANCELLED,R7756919,15B,Sudiksha Bobal,73d4c5756796,,
B1366,P1046,6F125,2025-05-05 11:37:36.951,CANCELLED,A2916174,25E,Vivaan Lalla,843b1d45cf73,,
B1367,P1129,UK164,2025-12-14 11:37:36.951,CONFIRMED,X8310438,18A,Rudra Sandal,0927bebc5d55,2379.52,CARD
B1367,P1129,UK164,2025-12-14 11:37:36.951,CONFIRMED,X8310438,18A,Rudra Sandal,0927bebc5d55,8027.125,UPI
B1368,P1351,UK007,2025-12-26 11:37:36.951,CANCELLED,F2913167,1E,Ishwar Kar,4a81d767dfdc,9184.07,CARD
B1368,P1351,UK007,2025-12-26 11:37:36.951,CANCELLED,F2913167,1E,Ishwar Kar,4a81d767dfdc,9111.32,CARD
B1368,P1351,UK007,2025-12-26 11:37:36.951,CANCELLED,F2913167,1E,Ishwar Kar,4a81d767dfdc,3626.55,UPI
B1369,P1977,6F118,2026-03-18 11:37:36.951,PENDING,N8566706,15F,Manthan Lata,cd4d467276d8,7583.98,UPI
B1369,P1977,6F118,2026-03-18 11:37:36.951,PENDING,N8566706,15F,Manthan Lata,cd4d467276d8,8027.125,CARD
B1369,P1977,6F118,2026-03-18 11:37:36.951,PENDING,N8566706,15F,Manthan Lata,cd4d467276d8,10519.7,UPI
B1370,P1844,SJ004,2026-01-01 11:37:36.951,CANCELLED,C9865504,19C,Lucky Bora,6ce43ba7d8bc,1770.53,UPI
B1370,P1844,SJ004,2026-01-01 11:37:36.951,CANCELLED,C9865504,19C,Lucky Bora,6ce43ba7d8bc,14742.11,UPI
B1371,P1621,6F206,2025-09-25 11:37:36.951,CANCELLED,B7663493,15E,Darpan Gandhi,5605246289ff,,
B1372,P1580,SJ130,2025-05-11 11:37:36.951,CANCELLED,A4962732,11D,Damyanti Mani,022a6adc04ed,4621.54,NETBANKING
B1372,P1580,SJ130,2025-05-11 11:37:36.951,CANCELLED,A4962732,11D,Damyanti Mani,022a6adc04ed,5975.68,CARD
B1373,P1057,SJ070,2026-02-14 11:37:36.951,CANCELLED,D1424362,22F,Reva Dash,512ceaff0992,6540.32,UPI
B1374,P1105,AI085,2025-04-24 11:37:36.951,CANCELLED,E1880879,7F,Upadhriti Modi,e05992a86566,,
B1375,P1811,SJ109,2025-09-02 11:37:36.951,CONFIRMED,Z3419964,15B,Neha Magar,7ef46bf431cf,9150.53,UPI
B1375,P1811,SJ109,2025-09-02 11:37:36.951,CONFIRMED,Z3419964,15B,Neha Magar,7ef46bf431cf,10064.26,UPI
B1376,P1329,AI168,2025-08-24 11:37:36.951,PENDING,H2472505,16B,Xiti Zacharia,797d91c466a5,12718.31,NETBANKING
B1376,P1329,AI168,2025-08-24 11:37:36.951,PENDING,H2472505,16B,Xiti Zacharia,797d91c466a5,7199.9,UPI
B1376,P1329,AI168,2025-08-24 11:37:36.951,PENDING,H2472505,16B,Xiti Zacharia,797d91c466a5,8027.125,UPI
B1377,P1767,UK123,2025-10-24 11:37:36.951,CONFIRMED,G0311587,26A,Wakeeta Sarma,fba686e893e0,,
B1378,P1823,UK110,2026-01-16 11:37:36.951,PENDING,J5769475,30D,Faris Baral,42fb1e7710f0,4050.66,UPI
B1378,P1823,UK110,2026-01-16 11:37:36.951,PENDING,J5769475,30D,Faris Baral,42fb1e7710f0,10365.35,CARD
B1379,P1682,AI206,2025-11-02 11:37:36.951,PENDING,Z5353659,31C,Rachana Naidu,a852e807690f,,
B1380,P1382,6F007,2026-04-16 11:37:36.951,PENDING,Y8616342,6B,Zashil Bal,c0be665871cc,14705.02,CARD
B1381,P1984,SJ013,2025-11-11 11:37:36.951,PENDING,M0809594,33A,Gavin Karnik,c3c15941d297,7452.89,UPI
B1382,P1161,UK061,2025-09-19 11:37:36.951,PENDING,N9255966,20D,Ansh Luthra,5285014d2d9a,14862.46,UPI
B1383,P1996,AI010,2025-09-24 11:37:36.951,CANCELLED,H0742359,8C,Banjeet Gill,939da8c31c13,,
B1384,P1285,AI024,2025-05-16 11:37:36.951,CONFIRMED,D4048933,11D,Upma Venkataraman,fe3c41336ea1,5107.55,NETBANKING
B1385,P1070,UK130,2025-06-08 11:37:36.951,CONFIRMED,L4307963,30B,Riya Mall,651783028ecc,,
B1386,P1766,AI161,2026-03-12 11:37:36.951,CANCELLED,A0817852,10A,Pratyush Sarin,5307b91a0378,,
B1387,P1453,SJ208,2025-07-23 11:37:36.951,PENDING,W7184523,24F,Vyanjana Chand,ca0ffd0f71c8,,
B1388,P1885,6F038,2025-09-23 11:37:36.951,INVALID,F6874470,8D,Upma Pall,c9c94a9556e5,10389.84,NETBANKING
B1388,P1885,6F038,2025-09-23 11:37:36.951,INVALID,F6874470,8D,Upma Pall,c9c94a9556e5,12160.17,UPI
B1389,P1566,6F085,2026-02-22 11:37:36.951,CONFIRMED,F0865237,30D,Nilima Nath,e7b5f3be7bcd,8027.125,NETBANKING
B1390,P1834,SJ028,2026-03-09 11:37:36.951,CANCELLED,P6563370,8C,Ekani Cheema,ad313a2feb6f,,
B1391,P1396,SJ084,2025-11-26 11:37:36.951,CONFIRMED,B5278105,21F,Naveen Narayan,68d981e9f7b5,10930.16,CARD
B1391,P1396,SJ084,2025-11-26 11:37:36.951,CONFIRMED,B5278105,21F,Naveen Narayan,68d981e9f7b5,14307.48,UPI
B1391,P1396,SJ084,2025-11-26 11:37:36.951,CONFIRMED,B5278105,21F,Naveen Narayan,68d981e9f7b5,10231.31,CARD
B1392,P1514,AI139,2026-03-27 11:37:36.951,CONFIRMED,A2722142,21D,Nisha Tandon,38d8dcc83cbc,,
B1393,P1025,UK179,2026-04-06 11:37:36.951,PENDING,P0943913,26E,Bhavya Rattan,ab04e95fd5d7,5252.26,UPI
B1394,P1312,6F256,2025-07-23 11:37:36.951,PENDING,F0313695,23F,Balhaar Sha,54becc029183,,
B1395,P1125,UK023,2026-02-10 11:37:36.951,INVALID,N2092973,23B,Gaurang Murty,8cf7d5dad20d,10317.13,NETBANKING
B1396,P1407,AI039,2025-08-03 11:37:36.951,CONFIRMED,M3322273,13E,Zayyan Naik,77717231923e,1731.44,CARD
B1396,P1407,AI039,2025-08-03 11:37:36.951,CONFIRMED,M3322273,13E,Zayyan Naik,77717231923e,14467.69,CARD
B1397,P1564,UK190,2026-02-05 11:37:36.951,CANCELLED,K5735323,28D,Jack Raval,b913720685c8,3065.33,NETBANKING
B1398,P1197,6F224,2026-02-04 11:37:36.951,PENDING,M0761087,3E,Yoshita Agarwal,dd31f3c2d5ab,7148.95,NETBANKING
B1399,P1810,UK221,2025-05-31 11:37:36.951,PENDING,Y7182360,7A,Turvi Sachdev,e83cf7ac1b4e,,
B1400,P1187,SJ107,2026-04-02 11:37:36.951,CANCELLED,E6158388,12F,Chatura Guha,e5b419b9cf53,3063.78,UPI
B1401,P1697,UK155,2025-04-20 11:37:36.951,CONFIRMED,Z6484673,21D,Zarna Pathak,d9cbe26507db,10393.94,CARD
B1401,P1697,UK155,2025-04-20 11:37:36.951,CONFIRMED,Z6484673,21D,Zarna Pathak,d9cbe26507db,2700.51,UPI
B1401,P1697,UK155,2025-04-20 11:37:36.951,CONFIRMED,Z6484673,21D,Zarna Pathak,d9cbe26507db,7755.08,CARD
B1402,P1816,UK183,2026-03-21 11:37:36.951,CANCELLED,E3322280,7E,Wishi Sathe,2d3a8747aa10,9048.17,NETBANKING
B1402,P1816,UK183,2026-03-21 11:37:36.951,CANCELLED,E3322280,7E,Wishi Sathe,2d3a8747aa10,7010.5,UPI
B1403,P1809,SJ203,2025-05-08 11:37:36.951,PENDING,E5892225,26A,Charan Jani,886880c4a102,,
B1404,P1715,6F253,2026-03-07 11:37:36.951,INVALID,Y5350637,16A,Amara Deep,e5b1e2dace4c,7473.06,UPI
B1405,P1483,AI100,2025-08-26 11:37:36.951,PENDING,B4674130,32F,Bhavna Sarma,aefbd72df693,,
B1406,P1449,6F140,2025-06-24 11:37:36.951,CONFIRMED,W4185201,15D,Vedhika Dara,db488f98f5c2,14922.3,NETBANKING
B1406,P1449,6F140,2025-06-24 11:37:36.951,CONFIRMED,W4185201,15D,Vedhika Dara,db488f98f5c2,6800.32,NETBANKING
B1407,P1522,UK048,2025-08-26 11:37:36.951,CONFIRMED,B8463975,25A,Ayush Khatri,d862f4f0125d,,
B1408,P1870,SJ204,2025-07-29 11:37:36.951,CONFIRMED,J7055491,12F,Nathan Mukhopadhyay,16199f2c410c,6561.39,UPI
B1408,P1870,SJ204,2025-07-29 11:37:36.951,CONFIRMED,J7055491,12F,Nathan Mukhopadhyay,16199f2c410c,1244.03,NETBANKING
B1409,P1353,UK105,2026-03-24 11:37:36.951,CONFIRMED,C6411955,28C,Akshay Reddy,31e98535def7,1095.0,UPI
B1410,P1985,AI098,2026-04-13 11:37:36.951,CONFIRMED,C9693957,32C,Girik Kar,5ddcb0de316d,,
B1411,P1657,6F013,2025-10-12 11:37:36.951,CANCELLED,T0204262,1A,Ishaan Shenoy,f26c785282b9,5888.25,CARD
B1411,P1657,6F013,2025-10-12 11:37:36.951,CANCELLED,T0204262,1A,Ishaan Shenoy,f26c785282b9,7520.78,NETBANKING
B1412,P1596,6F128,2025-11-18 11:37:36.951,CANCELLED,E1241393,28E,Jacob Dube,42d9e752e87e,10616.41,NETBANKING
B1413,P1099,SJ038,2025-10-05 11:37:36.951,CONFIRMED,W9760987,14A,Wishi Manne,f524f1a7468e,,
B1414,P1615,SJ182,2026-01-07 11:37:36.951,CONFIRMED,T7319227,25F,Yashodhara Mahajan,004af42bac3e,6182.07,NETBANKING
B1415,P1947,6F199,2026-03-22 11:37:36.951,PENDING,L9889786,23B,Ojasvi Subramanian,9e07046e3cb9,,
B1416,P1557,SJ187,2025-08-17 11:37:36.951,CANCELLED,X4319165,20B,Urmi Kohli,43c45c340e24,,
B1417,P1555,AI182,2025-08-18 11:37:36.951,PENDING,X5231202,8E,Tanmayi Dhillon,a6ef8658c781,3361.82,UPI
B1417,P1555,AI182,2025-08-18 11:37:36.951,PENDING,X5231202,8E,Tanmayi Dhillon,a6ef8658c781,3890.23,UPI
B1418,P1277,SJ027,2025-05-04 11:37:36.951,PENDING,A5764497,19D,Leela Halder,b899dbaddab1,12326.46,CARD
B1419,P1692,SJ062,2026-01-20 11:37:36.951,CONFIRMED,B0268764,20E,Yashoda Deshpande,e57f8826bae6,3513.0,NETBANKING
B1419,P1692,SJ062,2026-01-20 11:37:36.951,CONFIRMED,B0268764,20E,Yashoda Deshpande,e57f8826bae6,1424.75,CARD
B1420,P1698,SJ161,2026-02-24 11:37:36.951,CONFIRMED,N4979741,27B,Ekaraj Majumdar,0d2c352f6f31,7161.79,UPI
B1421,P1989,UK058,2025-10-03 11:37:36.951,CONFIRMED,P0450063,23C,Oeshi Oak,90e02ccfe6e8,,
B1422,P1625,AI181,2026-01-04 11:37:36.951,CANCELLED,G0964969,12D,Yashica Loke,a412a3e6da83,4826.6,UPI
B1423,P1490,AI003,2025-06-12 11:37:36.951,CONFIRMED,D9529635,14A,Aarnav Mandal,bbb1e10923c7,,
B1424,P1254,6F150,2025-11-05 11:37:36.951,CANCELLED,R0255128,11D,Chanchal Suri,a192ef7da736,,
B1425,P1380,SJ175,2025-06-28 11:37:36.951,CANCELLED,G6431594,34E,Manthan Sekhon,cc77d2c31ebf,,
B1426,P1891,6F041,2025-12-15 11:37:36.951,CANCELLED,N5466345,17C,Veda Pai,58822f7ac196,8027.125,CARD
B1427,P1541,SJ040,2026-04-15 11:37:36.951,CANCELLED,J1491699,16E,Gaurangi Purohit,b38a98dc7a10,,
B1428,P1263,6F020,2025-06-17 11:37:36.951,CONFIRMED,J4974394,27C,Tamanna Nagy,fc0047832fb0,,
B1429,P1609,AI248,2025-05-08 11:37:36.951,CANCELLED,W2230958,27B,Ranbir Khare,a5f11351476f,6939.44,CARD
B1429,P1609,AI248,2025-05-08 11:37:36.951,CANCELLED,W2230958,27B,Ranbir Khare,a5f11351476f,9998.44,CARD
B1430,P1824,SJ016,2026-02-08 11:37:36.951,CONFIRMED,G9889413,11A,Leela Kaur,bff2a3558c7e,,
B1431,P1878,UK204,2025-11-21 11:37:36.951,CONFIRMED,X7202170,31C,Nirja Bassi,9bb8ce213d33,9678.57,CARD
B1431,P1878,UK204,2025-11-21 11:37:36.951,CONFIRMED,X7202170,31C,Nirja Bassi,9bb8ce213d33,12583.38,NETBANKING
B1432,P1328,6F211,2025-09-02 11:37:36.951,CANCELLED,M3465579,9B,Eesha Solanki,dbd601b69245,,
B1433,P1114,SJ166,2025-05-07 11:37:36.951,CONFIRMED,A0449646,5B,Lakshmi Raju,698d88cd16fe,1901.67,UPI
B1433,P1114,SJ166,2025-05-07 11:37:36.951,CONFIRMED,A0449646,5B,Lakshmi Raju,698d88cd16fe,14067.26,CARD
B1434,P1275,AI036,2025-10-19 11:37:36.951,PENDING,B0251213,30C,Max Tandon,3589357caa73,4962.24,NETBANKING
B1434,P1275,AI036,2025-10-19 11:37:36.951,PENDING,B0251213,30C,Max Tandon,3589357caa73,1027.05,UPI
B1435,P1487,SJ215,2025-09-18 11:37:36.951,CONFIRMED,V9635957,1E,Balhaar Date,fcc37b2832a6,8589.93,CARD
B1436,P1280,AI076,2026-01-05 11:37:36.951,CONFIRMED,C9931458,20B,Yadavi Narula,e2b14a8b2ffa,,
B1437,P1274,SJ012,2025-11-28 11:37:36.951,CANCELLED,L6631138,24A,Harish Sarraf,6a9c21efbe3e,,
B1438,P1772,AI073,2026-04-01 11:37:36.951,CONFIRMED,F3622033,20D,Harish Vora,740289755134,7670.85,UPI
B1439,P1842,SJ173,2025-11-09 11:37:36.951,CONFIRMED,J6310437,27E,Tanmayi Aurora,f4ef92d96b46,7292.76,NETBANKING
B1440,P1718,AI193,2026-03-09 11:37:36.951,CANCELLED,W0085294,25E,Maanas Rout,5411579475fd,,
B1441,P1895,SJ131,2025-09-22 11:37:36.951,INVALID,Z1774174,13A,Mohammed Borde,b26e1b3974e2,,
B1442,P1327,AI225,2025-06-02 11:37:36.951,PENDING,L0238502,11E,Upasna Lanka,0c3fdc10acda,11779.89,NETBANKING
B1443,P1210,AI190,2025-10-09 11:37:36.951,CANCELLED,N5275233,9E,Hamsini Rao,6b27e00d83a6,8027.125,UPI
B1444,P1726,SJ238,2025-12-25 11:37:36.951,CONFIRMED,H0202569,7B,Faris Narasimhan,f43eb512d67d,,
B1445,P1922,6F005,2025-12-21 11:37:36.951,PENDING,H0334677,5F,Lajita Nadig,6c0d7f06ec22,9862.4,CARD
B1446,P1551,UK136,2025-09-25 11:37:36.951,PENDING,P7507627,23C,Vinaya Banik,8151d484135b,4197.73,UPI
B1446,P1551,UK136,2025-09-25 11:37:36.951,PENDING,P7507627,23C,Vinaya Banik,8151d484135b,3512.23,NETBANKING
B1446,P1551,UK136,2025-09-25 11:37:36.951,PENDING,P7507627,23C,Vinaya Banik,8151d484135b,8027.125,UPI
B1447,P1991,SJ063,2025-05-21 11:37:36.951,CONFIRMED,B2453012,15F,Ekapad Keer,2d1db2a5efba,4676.01,NETBANKING
B1447,P1991,SJ063,2025-05-21 11:37:36.951,CONFIRMED,B2453012,15F,Ekapad Keer,2d1db2a5efba,13762.65,NETBANKING
B1448,P1025,6F175,2025-11-21 11:37:36.951,CANCELLED,T2303420,9E,Bhavna Karan,b35c8253f817,,
B1449,P1026,AI037,2025-05-23 11:37:36.951,PENDING,C9017222,19A,Gautam Saraf,6f6100467cb6,,
B1450,P1701,UK225,2025-11-11 11:37:36.951,CONFIRMED,R6487177,21C,Guneet Chaudhry,f5fd363d1e85,,
B1451,P1082,AI141,2025-05-20 11:37:36.951,CONFIRMED,Y9240658,15E,Sachi Ganesan,2539c1202b52,10311.86,CARD
B1452,P1895,6F172,2026-01-26 11:37:36.951,PENDING,T2581225,3E,Chandani Balakrishnan,cf93fb86bd74,,
B1453,P1945,6F219,2026-02-07 11:37:36.951,CANCELLED,N8448237,16F,Chakradhar Nair,32aa2357f1e5,1310.19,CARD
B1453,P1945,6F219,2026-02-07 11:37:36.951,CANCELLED,N8448237,16F,Chakradhar Nair,32aa2357f1e5,3957.99,UPI
B1454,P1681,AI045,2025-08-16 11:37:36.951,PENDING,X1212110,8E,Daksh Memon,fdbe5218235c,,
B1455,P1412,AI198,2026-04-12 11:37:36.951,CONFIRMED,B3586901,30A,Jagrati Prasad,d04799ee925c,14853.28,CARD
B1455,P1412,AI198,2026-04-12 11:37:36.951,CONFIRMED,B3586901,30A,Jagrati Prasad,d04799ee925c,12781.22,UPI
B1456,P1166,AI120,2025-04-24 11:37:36.951,PENDING,B3925199,17F,Raagini Dhingra,be10c7f76bac,,
B1457,P1699,6F134,2025-06-11 11:37:36.951,CANCELLED,Y5171222,32D,Yash Wali,ba09b1117731,5769.17,CARD
B1458,P1168,UK102,2025-11-19 11:37:36.951,CONFIRMED,H8722054,10B,Nisha Gole,91954aa520f8,8073.17,NETBANKING
B1459,P1800,SJ199,2025-06-10 11:37:36.951,CANCELLED,F6549633,1F,Onkar Gill,1d961281f73a,12554.5,CARD
B1459,P1800,SJ199,2025-06-10 11:37:36.951,CANCELLED,F6549633,1F,Onkar Gill,1d961281f73a,2103.45,UPI
B1459,P1800,SJ199,2025-06-10 11:37:36.951,CANCELLED,F6549633,1F,Onkar Gill,1d961281f73a,4427.75,UPI
B1460,P1978,6F235,2025-10-01 11:37:36.951,PENDING,K4470488,32E,Farhan Raja,fa5a1c4c256a,,
B1461,P1228,UK065,2025-10-14 11:37:36.951,PENDING,J7020596,33F,Wridesh Tank,4ac1cc40a157,9618.57,UPI
B1461,P1228,UK065,2025-10-14 11:37:36.951,PENDING,J7020596,33F,Wridesh Tank,4ac1cc40a157,14867.45,CARD
B1461,P1228,UK065,2025-10-14 11:37:36.951,PENDING,J7020596,33F,Wridesh Tank,4ac1cc40a157,5775.44,NETBANKING
B1462,P1978,6F135,2025-12-03 11:37:36.951,CANCELLED,Y5377492,26D,Luke Kata,747bf36032f2,6497.79,CARD
B1463,P1608,SJ148,2026-02-10 11:37:36.951,PENDING,Y5634277,31C,Triya Kumar,df66df47f1ae,1141.0,UPI
B1463,P1608,SJ148,2026-02-10 11:37:36.951,PENDING,Y5634277,31C,Triya Kumar,df66df47f1ae,5703.58,NETBANKING
B1464,P1366,AI083,2026-03-07 11:37:36.951,CANCELLED,M9206165,6B,Tripti Kumer,d8329d4b0618,4535.96,CARD
B1465,P1527,UK024,2025-07-02 11:37:36.951,PENDING,Z5922941,5C,Aditya Shroff,f0b01640c0df,,
B1466,P1790,UK220,2025-04-27 11:37:36.951,CANCELLED,B2955963,28B,Bhavna Dugar,2091ad9317ec,,
B1467,P1646,UK115,2025-04-30 11:37:36.951,CANCELLED,E6294206,25A,Ethan Sathe,0822357bb73e,13307.54,CARD
B1468,P1537,AI255,2025-07-16 11:37:36.951,CONFIRMED,J9808513,14F,Hemani Mistry,b2c945363b74,11281.66,UPI
B1468,P1537,AI255,2025-07-16 11:37:36.951,CONFIRMED,J9808513,14F,Hemani Mistry,b2c945363b74,14054.88,NETBANKING
B1469,P1863,6F001,2025-12-25 11:37:36.951,CONFIRMED,Z8004983,11A,Panini Krishna,845fd15f8000,,
B1470,P1523,6F132,2025-05-27 11:37:36.951,CANCELLED,E1215481,24E,Tanmayi Mittal,fbc8893fde8e,,
B1471,P1071,UK184,2026-03-28 11:37:36.951,PENDING,W6876401,8E,Rushil Rajagopalan,9c718e457a9f,,
B1472,P1644,6F098,2025-06-06 11:37:36.951,PENDING,W8064420,3D,Vasudha Chhabra,1251ee5dbed8,,
B1473,P1105,SJ168,2025-07-19 11:37:36.951,PENDING,V7787358,21F,Warjas Raj,145a3b53cce1,,
B1474,P1731,SJ178,2025-07-28 11:37:36.951,CANCELLED,N4641962,14C,Jagrati Merchant,8ca9ad5762b6,12076.76,CARD
B1474,P1731,SJ178,2025-07-28 11:37:36.951,CANCELLED,N4641962,14C,Jagrati Merchant,8ca9ad5762b6,10623.21,CARD
B1474,P1731,SJ178,2025-07-28 11:37:36.951,CANCELLED,N4641962,14C,Jagrati Merchant,8ca9ad5762b6,10060.35,UPI
B1475,P1884,UK111,2026-03-07 11:37:36.951,CANCELLED,Y2622132,2C,Chakrika Bains,76778f69762a,6101.41,CARD
B1475,P1884,UK111,2026-03-07 11:37:36.951,CANCELLED,Y2622132,2C,Chakrika Bains,76778f69762a,12511.85,UPI
B1475,P1884,UK111,2026-03-07 11:37:36.951,CANCELLED,Y2622132,2C,Chakrika Bains,76778f69762a,2786.72,NETBANKING
B1476,P1964,SJ051,2026-02-27 11:37:36.951,CANCELLED,K2948314,32E,Meghana Maharaj,5fc424c5d07e,,
B1477,P1688,SJ193,2025-07-06 11:37:36.951,CANCELLED,T9726999,18E,Abhiram Bawa,f1fcc89b07de,9314.23,CARD
B1477,P1688,SJ193,2025-07-06 11:37:36.951,CANCELLED,T9726999,18E,Abhiram Bawa,f1fcc89b07de,3182.33,UPI
B1477,P1688,SJ193,2025-07-06 11:37:36.951,CANCELLED,T9726999,18E,Abhiram Bawa,f1fcc89b07de,4907.19,CARD
B1478,P1281,SJ039,2026-02-24 11:37:36.951,CONFIRMED,F8318003,28D,Watika Mangat,6107ef4c8c35,2928.68,CARD
B1479,P1132,UK066,2025-12-17 11:37:36.951,CANCELLED,F0005328,22B,Victor Pandey,063e9ce8da4f,6418.94,UPI
B1479,P1132,UK066,2025-12-17 11:37:36.951,CANCELLED,F0005328,22B,Victor Pandey,063e9ce8da4f,10059.56,NETBANKING
B1480,P1533,SJ050,2026-03-14 11:37:36.951,PENDING,D0505243,34B,Theodore Gupta,94c9eb212153,3112.82,CARD
B1481,P1974,6F052,2025-06-11 11:37:36.951,CONFIRMED,W2692990,4D,Zashil Devan,1eb73f5fc753,,
B1482,P1268,SJ170,2025-08-29 11:37:36.951,PENDING,P2763328,14E,Gunbir Baral,ef077eaa4636,10093.45,UPI
B1482,P1268,SJ170,2025-08-29 11:37:36.951,PENDING,P2763328,14E,Gunbir Baral,ef077eaa4636,7655.83,UPI
B1483,P1411,SJ119,2025-06-09 11:37:36.951,CONFIRMED,G3761851,26B,Dayamai Sastry,e66bf61cb032,10562.26,CARD
B1484,P1672,AI219,2025-05-07 11:37:36.951,CONFIRMED,D3684101,13B,Bahadurjit Patla,d1333cc39e25,,
B1485,P1618,6F220,2025-07-05 11:37:36.951,CANCELLED,H9218835,12D,Karan Chana,590aa6534df1,,
B1486,P1790,AI207,2025-05-04 11:37:36.951,CONFIRMED,T5067761,3D,Chakrika Narain,74ec06640dfd,6166.79,NETBANKING
B1486,P1790,AI207,2025-05-04 11:37:36.951,CONFIRMED,T5067761,3D,Chakrika Narain,74ec06640dfd,9435.36,CARD
B1486,P1790,AI207,2025-05-04 11:37:36.951,CONFIRMED,T5067761,3D,Chakrika Narain,74ec06640dfd,4695.45,UPI
B1487,P1864,6F024,2026-01-26 11:37:36.951,PENDING,X2088143,5E,Ojasvi Gill,145fc780266e,,
B1488,P1746,SJ073,2025-05-04 11:37:36.951,CANCELLED,Y7617815,27E,Sai Deo,c895becb016b,9707.48,NETBANKING
B1488,P1746,SJ073,2025-05-04 11:37:36.951,CANCELLED,Y7617815,27E,Sai Deo,c895becb016b,12915.55,NETBANKING
B1489,P1017,SJ201,2025-07-08 11:37:36.951,CANCELLED,K5720266,24F,Jasmit Wali,9e37a944066d,,
B1490,P1753,AI180,2026-03-10 11:37:36.951,CONFIRMED,N2959125,29B,Yachana Mahajan,70833f7edcb2,8027.125,CARD
B1490,P1753,AI180,2026-03-10 11:37:36.951,CONFIRMED,N2959125,29B,Yachana Mahajan,70833f7edcb2,1217.88,CARD
B1491,P1116,UK022,2025-07-16 11:37:36.951,CONFIRMED,V9925539,18F,Nitesh Kurian,29ca1c306d65,6534.99,UPI
B1492,P1797,AI202,2026-03-27 11:37:36.951,CANCELLED,Z0742990,29C,Vasatika Merchant,25586a969294,,
B1493,P1793,6F212,2025-06-01 11:37:36.952,CONFIRMED,Y6694179,26D,Hamsini Contractor,84a3fd8a8019,,
B1494,P1143,6F163,2025-06-09 11:37:36.952,CANCELLED,A8974748,23F,Upadhriti Borra,5d274a0e287b,,
B1495,P1716,UK028,2025-10-15 11:37:36.952,CONFIRMED,J1839841,27D,Lohit Kara,c9f988c0ffea,11906.95,UPI
B1495,P1716,UK028,2025-10-15 11:37:36.952,CONFIRMED,J1839841,27D,Lohit Kara,c9f988c0ffea,5584.17,CARD
B1496,P1550,6F243,2026-03-21 11:37:36.952,PENDING,R8536988,7D,Mekhala Pau,c95c63e7a986,2901.65,UPI
B1497,P1928,AI165,2025-09-02 11:37:36.952,CONFIRMED,X8044509,11F,Gautam Rana,6876ff1c0ce4,,
B1498,P1665,UK099,2025-07-18 11:37:36.952,PENDING,L2102627,3D,Akshay Lalla,0c2d03efffe8,,
B1499,P1687,AI033,2025-06-17 11:37:36.952,INVALID,W9008248,17C,Jatin Sha,2780bbff4c4d,,
B1500,P1960,UK056,2025-04-30 11:37:36.952,CONFIRMED,H0889830,22D,Jyoti Lala,e67fdd6c268f,1303.07,CARD
B1501,P1752,SJ122,2025-09-04 11:37:36.952,CANCELLED,W8399741,23D,Lakshmi Prabhu,7b46f5a7ca54,8027.125,UPI
B1501,P1752,SJ122,2025-09-04 11:37:36.952,CANCELLED,W8399741,23D,Lakshmi Prabhu,7b46f5a7ca54,14182.89,NETBANKING
B1501,P1752,SJ122,2025-09-04 11:37:36.952,CANCELLED,W8399741,23D,Lakshmi Prabhu,7b46f5a7ca54,13707.55,CARD
B1502,P1421,AI086,2025-10-15 11:37:36.952,CONFIRMED,E7500030,23F,Hritik Kaur,432817e1804d,10714.33,CARD
B1502,P1421,AI086,2025-10-15 11:37:36.952,CONFIRMED,E7500030,23F,Hritik Kaur,432817e1804d,7252.43,UPI
B1503,P1897,SJ011,2025-10-17 11:37:36.952,CONFIRMED,N1995305,25C,Urishilla Bakshi,afef7d5838b2,,
B1504,P1368,SJ021,2025-04-21 11:37:36.952,PENDING,J9378467,4E,Falak Kant,dbc4a93144e6,14087.19,NETBANKING
B1504,P1368,SJ021,2025-04-21 11:37:36.952,PENDING,J9378467,4E,Falak Kant,dbc4a93144e6,13855.61,NETBANKING
B1504,P1368,SJ021,2025-04-21 11:37:36.952,PENDING,J9378467,4E,Falak Kant,dbc4a93144e6,4316.96,NETBANKING
B1505,P1645,SJ106,2025-11-29 11:37:36.952,CONFIRMED,A1872600,8F,Dev Shetty,70be6a14b233,7472.98,UPI
B1506,P1557,SJ026,2026-01-29 11:37:36.952,CANCELLED,M1034444,9E,Chasmum Rege,55c466e49ee5,,
B1507,P1049,SJ245,2025-11-27 11:37:36.952,PENDING,T4568652,20A,Jackson Dey,0cf368a4280c,4865.21,NETBANKING
B1508,P1677,AI023,2025-07-31 11:37:36.952,CONFIRMED,E1559967,9C,Chakradev Barad,7e9f467ec69d,7277.14,CARD
B1508,P1677,AI023,2025-07-31 11:37:36.952,CONFIRMED,E1559967,9C,Chakradev Barad,7e9f467ec69d,2603.09,CARD
B1508,P1677,AI023,2025-07-31 11:37:36.952,CONFIRMED,E1559967,9C,Chakradev Barad,7e9f467ec69d,4799.03,CARD
B1509,P1105,AI032,2025-09-25 11:37:36.952,CANCELLED,F2219053,14F,Daksha Tailor,8518a33162b4,,
B1510,P1215,AI236,2025-05-11 11:37:36.952,CANCELLED,A4747648,19F,Jack Chatterjee,92b88c03de8a,3179.45,CARD
B1511,P1657,6F094,2025-12-24 11:37:36.952,CANCELLED,Y3965213,15C,Wahab Yogi,74114e5fef6a,12346.57,UPI
B1512,P1922,UK163,2025-12-21 11:37:36.952,PENDING,C2455312,4A,Krishna Rama,0d53d45aca4f,5747.83,CARD
B1513,P1424,UK163,2025-06-30 11:37:36.952,CONFIRMED,E2117327,32B,Sudiksha Prabhakar,ee478457dcec,9031.14,CARD
B1513,P1424,UK163,2025-06-30 11:37:36.952,CONFIRMED,E2117327,32B,Sudiksha Prabhakar,ee478457dcec,13685.53,CARD
B1514,P1071,SJ045,2025-05-07 11:37:36.952,CANCELLED,J8839585,21E,Oni Dubey,1cf6fa6fe136,8027.125,UPI
B1515,P1987,SJ006,2025-07-06 11:37:36.952,PENDING,F9425251,26A,Oeshi Chaudhary,ed05be1b9e92,,
B1516,P1841,SJ103,2025-08-05 11:37:36.952,CANCELLED,M9171050,34F,Vrishti Reddy,b5e246c2b80a,3242.75,UPI
B1517,P1784,6F221,2026-01-16 11:37:36.952,INVALID,K9147744,31B,Ati Bali,614357a61650,8027.125,CARD
B1518,P1758,SJ147,2026-03-20 11:37:36.952,INVALID,G5247841,30A,Kamala Kalla,ba88a231a959,,
B1519,P1445,SJ064,2026-03-25 11:37:36.952,PENDING,K9734493,3C,Sachi Saxena,91a8ae591c72,5454.29,CARD
B1519,P1445,SJ064,2026-03-25 11:37:36.952,PENDING,K9734493,3C,Sachi Saxena,91a8ae591c72,9403.54,NETBANKING
B1520,P1924,AI028,2026-04-02 11:37:36.952,CONFIRMED,V8033183,27A,Warinder Patil,b7b83c5b01c0,14340.74,CARD
B1521,P1185,AI148,2025-11-08 11:37:36.952,PENDING,G3892608,31E,Hardik Pillai,667173194eb8,8027.125,UPI
B1521,P1185,AI148,2025-11-08 11:37:36.952,PENDING,G3892608,31E,Hardik Pillai,667173194eb8,6664.48,CARD
B1521,P1185,AI148,2025-11-08 11:37:36.952,PENDING,G3892608,31E,Hardik Pillai,667173194eb8,3965.19,CARD
B1522,P1069,6F263,2025-08-31 11:37:36.952,CONFIRMED,W1527873,1C,Jagrati Bhat,2d5984f079f5,,
B1523,P1973,SJ067,2025-05-19 11:37:36.952,PENDING,L1521746,21F,Mitali Majumdar,2924924c9e34,8027.125,CARD
B1523,P1973,SJ067,2025-05-19 11:37:36.952,PENDING,L1521746,21F,Mitali Majumdar,2924924c9e34,10733.84,NETBANKING
B1524,P1149,6F061,2025-06-17 11:37:36.952,PENDING,H7801891,23D,Ranveer Das,89d62bb20138,1289.01,NETBANKING
B1524,P1149,6F061,2025-06-17 11:37:36.952,PENDING,H7801891,23D,Ranveer Das,89d62bb20138,8542.82,CARD
B1525,P1245,AI254,2025-05-29 11:37:36.952,CONFIRMED,K4671776,11E,Suhani Chand,61078ef72cc6,7869.06,UPI
B1526,P1773,SJ136,2025-11-15 11:37:36.952,CONFIRMED,C4336299,17D,Simon Bail,0992b424ff73,4890.14,UPI
B1526,P1773,SJ136,2025-11-15 11:37:36.952,CONFIRMED,C4336299,17D,Simon Bail,0992b424ff73,7999.68,CARD
B1527,P1537,AI046,2025-07-09 11:37:36.952,PENDING,L0999900,8A,Chandresh Nath,8d5ac5cad32c,11891.78,CARD
B1528,P1934,UK174,2026-03-28 11:37:36.952,PENDING,H9083521,6E,Yagnesh Dass,5ad3706a5946,,
B1529,P1651,6F066,2025-04-30 11:37:36.952,CONFIRMED,V4424648,34C,Samesh Biswas,ab3f8e297f0f,,
B1530,P1098,UK095,2025-12-08 11:37:36.952,INVALID,M7285759,23E,Sarthak Kalita,3bbe90db0eb4,1108.98,CARD
B1530,P1098,UK095,2025-12-08 11:37:36.952,INVALID,M7285759,23E,Sarthak Kalita,3bbe90db0eb4,14300.97,NETBANKING
B1530,P1098,UK095,2025-12-08 11:37:36.952,INVALID,M7285759,23E,Sarthak Kalita,3bbe90db0eb4,13655.72,CARD
B1531,P1909,6F063,2026-04-01 11:37:36.952,PENDING,D9022179,30F,Viraj Narasimhan,c79eb244c888,11172.2,UPI
B1531,P1909,6F063,2026-04-01 11:37:36.952,PENDING,D9022179,30F,Viraj Narasimhan,c79eb244c888,8027.125,UPI
B1531,P1909,6F063,2026-04-01 11:37:36.952,PENDING,D9022179,30F,Viraj Narasimhan,c79eb244c888,12739.01,UPI
B1532,P1277,UK118,2025-04-22 11:37:36.952,PENDING,E4883971,30A,Manbir Agate,460fdad1e98f,9430.36,NETBANKING
B1532,P1277,UK118,2025-04-22 11:37:36.952,PENDING,E4883971,30A,Manbir Agate,460fdad1e98f,8027.125,CARD
B1532,P1277,UK118,2025-04-22 11:37:36.952,PENDING,E4883971,30A,Manbir Agate,460fdad1e98f,14865.24,NETBANKING
B1533,P1562,UK218,2025-09-15 11:37:36.952,PENDING,X8445143,28D,Aradhana Dhillon,eeccccb4b198,,
B1534,P1662,UK031,2025-09-11 11:37:36.952,CONFIRMED,N8112303,34E,Kalpit Zachariah,e481b7dd465d,12347.23,NETBANKING
B1535,P1943,UK142,2026-04-02 11:37:36.952,PENDING,P8119397,6C,Zashil Ghosh,88241e1c1599,5959.44,UPI
B1535,P1943,UK142,2026-04-02 11:37:36.952,PENDING,P8119397,6C,Zashil Ghosh,88241e1c1599,13561.41,NETBANKING
B1536,P1454,AI002,2025-06-01 11:37:36.952,CONFIRMED,A0992177,4C,Imaran Bal,1c61584a98fa,6548.99,NETBANKING
B1537,P1103,UK070,2025-10-08 11:37:36.952,CONFIRMED,W6693351,21F,Karan Aurora,035a1f8f08a5,9202.57,NETBANKING
B1538,P1945,SJ121,2026-03-17 11:37:36.952,PENDING,R0532601,8E,Ishita Khanna,042d50cb72c6,,
B1539,P1600,UK201,2025-06-11 11:37:36.952,CONFIRMED,X1038297,20B,Ekiya Babu,6e0a77d784ae,14472.9,NETBANKING
B1539,P1600,UK201,2025-06-11 11:37:36.952,CONFIRMED,X1038297,20B,Ekiya Babu,6e0a77d784ae,3036.88,CARD
B1540,P1652,AI138,2026-01-15 11:37:36.952,CANCELLED,D3609085,7E,Owen Lanka,b80646dcee2f,3640.69,CARD
B1541,P1724,SJ014,2025-12-16 11:37:36.952,CONFIRMED,K5024373,26A,Charles Date,42279c2ea06e,12031.17,NETBANKING
B1542,P1232,SJ053,2025-12-13 11:37:36.952,PENDING,V7366271,14F,Oviya Vora,68bcf465a42e,,
B1543,P1393,SJ241,2025-06-16 11:37:36.952,CANCELLED,Y6933539,4F,Ishaan Bhatt,03282bb9819f,3207.85,UPI
B1544,P1500,AI249,2025-09-01 11:37:36.952,CANCELLED,L8561547,16A,Vamakshi Sen,06601779bf82,8020.26,CARD
B1544,P1500,AI249,2025-09-01 11:37:36.952,CANCELLED,L8561547,16A,Vamakshi Sen,06601779bf82,3982.8,NETBANKING
B1545,P1694,AI176,2026-03-08 11:37:36.952,PENDING,N3979255,8A,Janaki Varghese,03d401207ac6,6767.92,NETBANKING
B1545,P1694,AI176,2026-03-08 11:37:36.952,PENDING,N3979255,8A,Janaki Varghese,03d401207ac6,10968.41,CARD
B1546,P1250,SJ234,2026-04-02 11:37:36.952,PENDING,H6902837,32B,Ikbal Seth,492c21c766c3,,
B1547,P1520,6F115,2025-04-18 11:37:36.952,PENDING,F8966605,16C,Yahvi Kant,889b6ef43b00,,
B1548,P1078,AI020,2025-10-04 11:37:36.952,CONFIRMED,C6441610,7E,Caleb Verma,bbf7df983a6a,,
B1549,P1051,AI020,2025-12-16 11:37:36.952,CONFIRMED,Z3584640,24A,Charvi Shanker,bfdb782d013c,,
B1550,P1897,6F079,2025-12-06 11:37:36.952,CONFIRMED,W8027304,10D,Azaan Bhat,fded33068a78,,
B1551,P1920,6F104,2025-11-14 11:37:36.952,INVALID,P2814447,8E,Varenya Ratti,e1674ecbfafc,,
B1552,P1780,UK046,2026-02-06 11:37:36.952,PENDING,L3096906,32D,Pooja Chokshi,3278a4ce0d5e,12589.6,NETBANKING
B1553,P1225,SJ217,2025-11-15 11:37:36.952,CONFIRMED,Y0922884,33D,Vritti Sawhney,be9c4dc4177d,1883.33,UPI
B1554,P1050,6F142,2025-08-26 11:37:36.952,CANCELLED,M1358727,8D,Ethan Buch,1e8551e5f564,,
B1555,P1185,SJ139,2026-04-04 11:37:36.952,CONFIRMED,A6881164,3B,Ekanta Divan,328071f1732a,13344.12,NETBANKING
B1556,P1033,6F059,2026-01-18 11:37:36.952,CANCELLED,X8818738,31D,Dominic Date,9dc5eee1f888,,
B1557,P1802,6F067,2025-08-10 11:37:36.952,PENDING,H3364770,17A,Anvi Nair,0ca5ec2fd041,13664.47,NETBANKING
B1557,P1802,6F067,2025-08-10 11:37:36.952,PENDING,H3364770,17A,Anvi Nair,0ca5ec2fd041,4044.27,UPI
B1558,P1741,AI007,2025-08-07 11:37:36.952,PENDING,A9091538,27A,Lakshmi Wali,72649f4a0b3f,8770.08,UPI
B1558,P1741,AI007,2025-08-07 11:37:36.952,PENDING,A9091538,27A,Lakshmi Wali,72649f4a0b3f,6827.65,UPI
B1559,P1130,UK202,2026-01-20 11:37:36.952,CONFIRMED,E6254204,5F,Chaitaly Setty,b9dca3d610d5,3622.91,NETBANKING
B1560,P1631,AI200,2026-03-07 11:37:36.952,CONFIRMED,C9057720,18C,Yashasvi Sani,5dde1b01cb78,,
B1561,P1442,UK172,2026-01-27 11:37:36.952,PENDING,B7941932,18C,Hardik Contractor,c21e92080f00,8371.27,CARD
B1561,P1442,UK172,2026-01-27 11:37:36.952,PENDING,B7941932,18C,Hardik Contractor,c21e92080f00,3136.04,UPI
B1562,P1837,6F214,2025-05-01 11:37:36.952,CONFIRMED,Z1097941,10B,Tanveer Sani,06463739222f,6572.09,UPI
B1563,P1758,UK037,2025-09-11 11:37:36.952,PENDING,R0987264,27B,Siya Kari,eb175093f41e,,
B1564,P1431,AI022,2025-08-14 11:37:36.952,PENDING,M1742240,17F,Odika Nori,305581574f51,3514.52,NETBANKING
B1565,P1703,AI243,2026-02-06 11:37:36.952,CANCELLED,P1189003,20D,Sudiksha Rastogi,a1fdf28d0dc9,3438.58,UPI
B1565,P1703,AI243,2026-02-06 11:37:36.952,CANCELLED,P1189003,20D,Sudiksha Rastogi,a1fdf28d0dc9,3804.91,UPI
B1566,P1496,SJ174,2025-10-08 11:37:36.952,CONFIRMED,N3070286,29F,Ojasvi Chandran,582c9f2dd3d6,11489.31,CARD
B1566,P1496,SJ174,2025-10-08 11:37:36.952,CONFIRMED,N3070286,29F,Ojasvi Chandran,582c9f2dd3d6,14905.16,CARD
B1567,P1402,SJ079,2025-11-13 11:37:36.952,PENDING,E0095366,9A,Dhriti Sane,feab24585138,10982.24,CARD
B1568,P1322,UK097,2025-12-21 11:37:36.952,CONFIRMED,P8900577,21A,Dhriti Kumer,5db4e8881f93,8027.125,NETBANKING
B1569,P1209,AI013,2025-12-26 11:37:36.952,CANCELLED,T3259007,14E,Kavya Dua,b74506e75683,,
B1570,P1614,UK196,2025-11-21 11:37:36.952,CANCELLED,G0722113,25E,Urvi Bhavsar,3245205d49ca,11109.36,UPI
B1570,P1614,UK196,2025-11-21 11:37:36.952,CANCELLED,G0722113,25E,Urvi Bhavsar,3245205d49ca,3945.41,UPI
B1571,P1328,SJ213,2025-11-06 11:37:36.952,CONFIRMED,V7167221,2C,Gavin Chada,bf4547bb6deb,,
B1572,P1371,UK119,2025-05-26 11:37:36.952,CONFIRMED,J6171928,5D,Girik Sankaran,900faae9aaad,8027.125,NETBANKING
B1572,P1371,UK119,2025-05-26 11:37:36.952,CONFIRMED,J6171928,5D,Girik Sankaran,900faae9aaad,13849.86,NETBANKING
B1573,P1459,AI043,2026-03-18 11:37:36.952,PENDING,J4360234,19B,Gopal Pradhan,64a27a3c4255,7629.97,NETBANKING
B1574,P1132,AI043,2025-04-29 11:37:36.952,CANCELLED,E1602523,18A,Kalpit Bhasin,e979e2af9dae,13905.05,UPI
B1575,P1834,AI143,2025-06-16 11:37:36.952,CANCELLED,A9447726,2B,Forum Das,5063b33039f3,12516.91,CARD
B1576,P1650,SJ032,2025-10-20 11:37:36.952,CONFIRMED,Z5513276,6F,Nirja Pandya,d038feac4a6d,8027.125,CARD
B1577,P1120,6F050,2026-01-24 11:37:36.952,CONFIRMED,K8024559,23A,Pallavi Behl,fb3062189556,,
B1578,P1605,AI134,2025-12-25 11:37:36.952,PENDING,E1191589,6B,Bhavna Muni,96b929c12f62,8027.125,UPI
B1578,P1605,AI134,2025-12-25 11:37:36.952,PENDING,E1191589,6B,Bhavna Muni,96b929c12f62,1897.18,CARD
B1578,P1605,AI134,2025-12-25 11:37:36.952,PENDING,E1191589,6B,Bhavna Muni,96b929c12f62,2200.51,UPI
B1579,P1451,6F182,2025-04-24 11:37:36.952,CONFIRMED,N4986478,28E,Indira Chawla,ac55b112a524,6611.83,CARD
B1579,P1451,6F182,2025-04-24 11:37:36.952,CONFIRMED,N4986478,28E,Indira Chawla,ac55b112a524,2832.27,NETBANKING
B1580,P1964,SJ086,2025-10-08 11:37:36.952,CONFIRMED,G7600884,20D,Yashica Kala,aec05d7b7ba3,10617.14,CARD
B1580,P1964,SJ086,2025-10-08 11:37:36.952,CONFIRMED,G7600884,20D,Yashica Kala,aec05d7b7ba3,11400.72,UPI
B1580,P1964,SJ086,2025-10-08 11:37:36.952,CONFIRMED,G7600884,20D,Yashica Kala,aec05d7b7ba3,4607.2,UPI
B1581,P1128,6F170,2025-08-06 11:37:36.952,CONFIRMED,V3781919,3D,Mohammed Subramaniam,edbaacfabcb4,8027.125,UPI
B1581,P1128,6F170,2025-08-06 11:37:36.952,CONFIRMED,V3781919,3D,Mohammed Subramaniam,edbaacfabcb4,9514.99,NETBANKING
B1582,P1090,UK168,2025-04-24 11:37:36.952,PENDING,X2164006,34B,Udarsh Chokshi,7744390e2795,13552.0,UPI
B1583,P1603,SJ072,2026-02-22 11:37:36.952,CONFIRMED,Z2353484,33D,Inaya Pillai,909d97b8c3df,,
B1584,P1574,UK075,2025-04-28 11:37:36.952,CANCELLED,B8213986,21C,Ishwar Mallick,9e7fd8f14d64,13317.93,NETBANKING
B1584,P1574,UK075,2025-04-28 11:37:36.952,CANCELLED,B8213986,21C,Ishwar Mallick,9e7fd8f14d64,13148.95,CARD
B1585,P1028,6F233,2026-01-08 11:37:36.952,CANCELLED,E0212372,1C,Upkaar Sanghvi,d25af4881827,11603.63,NETBANKING
B1585,P1028,6F233,2026-01-08 11:37:36.952,CANCELLED,E0212372,1C,Upkaar Sanghvi,d25af4881827,11914.07,UPI
B1585,P1028,6F233,2026-01-08 11:37:36.952,CANCELLED,E0212372,1C,Upkaar Sanghvi,d25af4881827,8027.125,UPI
B1586,P1721,SJ143,2025-11-13 11:37:36.952,CANCELLED,G3000088,25B,Atharv Loke,3faf9ad09aef,,
B1587,P1523,SJ246,2025-06-28 11:37:36.952,PENDING,N7391900,34E,Ayush Gole,a83d16439636,11740.35,NETBANKING
B1588,P1332,SJ247,2025-11-04 11:37:36.952,CONFIRMED,J1600916,10B,Anjali More,856ec2651210,12810.22,UPI
B1589,P1296,UK157,2025-08-31 11:37:36.952,PENDING,T3798979,3D,Harinakshi Panchal,7fd170d8308a,3501.28,CARD
B1589,P1296,UK157,2025-08-31 11:37:36.952,PENDING,T3798979,3D,Harinakshi Panchal,7fd170d8308a,11781.84,UPI
B1589,P1296,UK157,2025-08-31 11:37:36.952,PENDING,T3798979,3D,Harinakshi Panchal,7fd170d8308a,14149.64,UPI
B1590,P1129,UK069,2026-04-01 11:37:36.952,CONFIRMED,L4818674,25B,Abeer Golla,0cfb4d8e66fa,1015.84,UPI
B1591,P1292,AI106,2025-11-20 11:37:36.952,CANCELLED,A9984336,8A,Luke Rattan,7b75f73a87c7,5274.56,UPI
B1591,P1292,AI106,2025-11-20 11:37:36.952,CANCELLED,A9984336,8A,Luke Rattan,7b75f73a87c7,11559.24,UPI
B1592,P1172,UK085,2025-11-17 11:37:36.952,CONFIRMED,C1815198,24F,Ekaraj Dhar,86afa1a1722d,,
B1593,P1719,6F087,2025-09-24 11:37:36.952,CONFIRMED,V2942034,1A,Azaan Chand,365471a9d13f,,
B1594,P1943,AI067,2025-06-01 11:37:36.952,CONFIRMED,L3466075,25E,Tanveer Puri,9d7da90b6108,1448.88,NETBANKING
B1595,P1023,6F226,2026-01-07 11:37:36.952,PENDING,X4667201,4E,Oni Setty,9751386d7a21,13806.53,UPI
B1595,P1023,6F226,2026-01-07 11:37:36.952,PENDING,X4667201,4E,Oni Setty,9751386d7a21,11063.32,UPI
B1596,P1098,SJ210,2025-12-20 11:37:36.952,CONFIRMED,Z0281822,15E,Harita Dugar,b19bfcdb5256,3495.5,UPI
B1596,P1098,SJ210,2025-12-20 11:37:36.952,CONFIRMED,Z0281822,15E,Harita Dugar,b19bfcdb5256,14525.4,UPI
B1597,P1405,6F269,2025-10-23 11:37:36.952,CONFIRMED,K0262085,33A,Kala Muni,2b8280d1f9de,11103.08,CARD
B1597,P1405,6F269,2025-10-23 11:37:36.952,CONFIRMED,K0262085,33A,Kala Muni,2b8280d1f9de,8089.18,UPI
B1598,P1355,UK013,2026-01-02 11:37:36.952,CONFIRMED,L2735364,11B,Ekta Chad,9fab6db1c761,1959.04,CARD
B1598,P1355,UK013,2026-01-02 11:37:36.952,CONFIRMED,L2735364,11B,Ekta Chad,9fab6db1c761,14019.19,NETBANKING
B1599,P1138,UK013,2025-09-30 11:37:36.952,PENDING,A0412918,9E,Charles Dugal,ca977f9da4cf,,
B1600,P1502,UK143,2025-07-20 11:37:36.952,PENDING,W1612559,2C,Nakul Bawa,e684907178cc,12808.71,NETBANKING
B1600,P1502,UK143,2025-07-20 11:37:36.952,PENDING,W1612559,2C,Nakul Bawa,e684907178cc,11274.54,CARD
B1601,P1825,6F262,2025-09-07 11:37:36.952,PENDING,B0792304,28D,Finn Magar,2f64bdd3f75b,,
B1602,P1173,6F042,2025-07-07 11:37:36.952,CONFIRMED,C2838271,2A,Saanvi Samra,2c5ba3bd8858,4028.21,NETBANKING
B1603,P1028,SJ118,2025-12-06 11:37:36.952,CANCELLED,E9615120,17E,Vedika Sathe,a0384a7e2569,,
B1604,P1930,SJ118,2025-11-17 11:37:36.952,CANCELLED,T6653446,3C,Oeshi Mahajan,22f37d00e428,,
B1605,P1495,SJ082,2025-10-03 11:37:36.952,CANCELLED,R6346019,6C,Tanveer Vala,59f5dd3a443e,8027.125,CARD
B1606,P1654,6F015,2025-07-18 11:37:36.952,CONFIRMED,M7347243,23E,Ishaan Pai,0f7a5ee9b122,6829.49,CARD
B1606,P1654,6F015,2025-07-18 11:37:36.952,CONFIRMED,M7347243,23E,Ishaan Pai,0f7a5ee9b122,5934.1,UPI
B1606,P1654,6F015,2025-07-18 11:37:36.952,CONFIRMED,M7347243,23E,Ishaan Pai,0f7a5ee9b122,8323.82,CARD
B1607,P1827,AI101,2026-02-02 11:37:36.952,INVALID,T6822512,30F,Qushi Choudhry,02c773024d86,10198.91,CARD
B1607,P1827,AI101,2026-02-02 11:37:36.952,INVALID,T6822512,30F,Qushi Choudhry,02c773024d86,2887.17,NETBANKING
B1608,P1350,SJ110,2025-06-28 11:37:36.952,CANCELLED,R0866656,10B,Bhanumati Sur,28adc48c6804,,
B1609,P1553,SJ042,2025-10-21 11:37:36.952,CANCELLED,Y7687849,19D,Darika Bath,434b92c25d99,,
B1610,P1298,6F145,2025-10-13 11:37:36.952,CONFIRMED,C2903500,27A,Thomas Rana,ad77aecda87d,5809.44,NETBANKING
B1611,P1719,UK029,2026-01-05 11:37:36.952,CANCELLED,X7422354,14C,Christopher Amble,f55f59b6470b,10642.75,CARD
B1611,P1719,UK029,2026-01-05 11:37:36.952,CANCELLED,X7422354,14C,Christopher Amble,f55f59b6470b,11754.89,NETBANKING
B1612,P1841,SJ200,2025-04-18 11:37:36.952,CANCELLED,P6821215,28C,Samarth Mitra,f33f115e1220,,
B1613,P1944,SJ209,2026-01-29 11:37:36.952,CONFIRMED,M4920644,6A,Siddharth Devan,806d02911333,11718.47,UPI
B1613,P1944,SJ209,2026-01-29 11:37:36.952,CONFIRMED,M4920644,6A,Siddharth Devan,806d02911333,4590.83,NETBANKING
B1614,P1191,AI116,2025-05-11 11:37:36.952,CONFIRMED,Y7388182,30B,Aadhya Mann,17215bc71569,2806.52,NETBANKING
B1614,P1191,AI116,2025-05-11 11:37:36.952,CONFIRMED,Y7388182,30B,Aadhya Mann,17215bc71569,6159.25,UPI
B1615,P1671,6F117,2025-05-23 11:37:36.952,CANCELLED,P3435948,33B,Falak Dar,8385ace21a6c,11017.88,UPI
B1615,P1671,6F117,2025-05-23 11:37:36.952,CANCELLED,P3435948,33B,Falak Dar,8385ace21a6c,2652.76,CARD
B1616,P1063,SJ181,2025-12-23 11:37:36.952,PENDING,V4968066,17A,Abhimanyu Tank,0d888e73e955,,
B1617,P1754,AI070,2025-05-10 11:37:36.952,INVALID,D0212543,18A,Qushi Gill,8c45ff129050,12237.51,CARD
B1618,P1769,AI070,2026-01-19 11:37:36.952,CONFIRMED,A1604986,1B,Kai Rai,19e9d8940c5e,6904.57,NETBANKING
B1619,P1663,UK042,2026-02-05 11:37:36.952,PENDING,D8600320,13A,Victor Tella,28a09cac5976,10938.67,NETBANKING
B1619,P1663,UK042,2026-02-05 11:37:36.952,PENDING,D8600320,13A,Victor Tella,28a09cac5976,8605.08,UPI
B1619,P1663,UK042,2026-02-05 11:37:36.952,PENDING,D8600320,13A,Victor Tella,28a09cac5976,14108.86,CARD
B1620,P1214,AI169,2026-02-24 11:37:36.952,PENDING,X9901140,1B,Irya Bora,59b449ccc128,5731.24,UPI
B1620,P1214,AI169,2026-02-24 11:37:36.952,PENDING,X9901140,1B,Irya Bora,59b449ccc128,13683.85,NETBANKING
B1620,P1214,AI169,2026-02-24 11:37:36.952,PENDING,X9901140,1B,Irya Bora,59b449ccc128,3518.55,UPI
B1620,P1214,AI169,2026-02-24 11:37:36.952,PENDING,X9901140,1B,Irya Bora,59b449ccc128,10875.33,UPI
B1621,P1833,6F021,2025-12-21 11:37:36.952,PENDING,D3171978,27A,Mekhala Basak,218798f2695c,3524.98,UPI
B1621,P1833,6F021,2025-12-21 11:37:36.952,PENDING,D3171978,27A,Mekhala Basak,218798f2695c,8280.27,UPI
B1622,P1165,SJ046,2025-06-23 11:37:36.952,PENDING,N2590841,19F,Rajata Bahl,7784f14fc440,11617.72,UPI
B1622,P1165,SJ046,2025-06-23 11:37:36.952,PENDING,N2590841,19F,Rajata Bahl,7784f14fc440,12378.6,CARD
B1622,P1165,SJ046,2025-06-23 11:37:36.952,PENDING,N2590841,19F,Rajata Bahl,7784f14fc440,12642.38,UPI
B1623,P1542,AI211,2025-08-17 11:37:36.952,CANCELLED,V5501137,22B,Tripti Brahmbhatt,81295797b379,11011.07,NETBANKING
B1623,P1542,AI211,2025-08-17 11:37:36.952,CANCELLED,V5501137,22B,Tripti Brahmbhatt,81295797b379,10849.11,CARD
B1623,P1542,AI211,2025-08-17 11:37:36.952,CANCELLED,V5501137,22B,Tripti Brahmbhatt,81295797b379,2351.71,CARD
B1623,P1542,AI211,2025-08-17 11:37:36.952,CANCELLED,V5501137,22B,Tripti Brahmbhatt,81295797b379,12916.9,UPI
B1624,P1882,SJ091,2025-12-20 11:37:36.952,CANCELLED,F1072887,34F,Dhriti Sanghvi,36ff4a1af3ca,,
B1625,P1231,AI123,2026-04-05 11:37:36.952,PENDING,E7903716,7D,Nidhi Sahni,2e6c59b54ae7,,
B1626,P1793,6F053,2025-04-17 11:37:36.952,CANCELLED,V1972239,25C,Bimala Contractor,9b172f33df47,7859.04,NETBANKING
B1627,P1540,UK012,2026-01-09 11:37:36.952,PENDING,D8375307,27E,Nidhi Bail,5bfd85660d04,11151.3,NETBANKING
B1627,P1540,UK012,2026-01-09 11:37:36.952,PENDING,D8375307,27E,Nidhi Bail,5bfd85660d04,12801.31,CARD
B1628,P1194,6F023,2025-11-25 11:37:36.952,PENDING,F4808557,33A,Ekta Garg,cb605e4e3038,1971.53,CARD
B1629,P1505,AI250,2026-01-02 11:37:36.952,CONFIRMED,Z4432362,11A,Triveni Pathak,0a0f7f070270,,
B1630,P1333,AI238,2026-04-07 11:37:36.952,PENDING,B6968574,26F,Gaurang Sarkar,abdf905a0e7a,11475.88,NETBANKING
B1631,P1767,UK096,2026-02-17 11:37:36.952,CANCELLED,N7516913,24F,Hitesh Kohli,6003d39db373,7909.43,NETBANKING
B1631,P1767,UK096,2026-02-17 11:37:36.952,CANCELLED,N7516913,24F,Hitesh Kohli,6003d39db373,9604.98,UPI
B1632,P1792,UK126,2026-03-30 11:37:36.952,PENDING,L0164261,1D,Rajata Rattan,31c78aa43644,11397.25,NETBANKING
B1633,P1303,SJ195,2025-08-30 11:37:36.952,CONFIRMED,G5084243,8E,Farhan Randhawa,766fa5753139,,
B1634,P1832,SJ171,2025-12-25 11:37:36.952,CANCELLED,E4848130,1C,Dayita Nori,a9df1eea241e,,
B1635,P1436,AI136,2025-08-14 11:37:36.952,INVALID,P9105302,7C,Timothy Nath,5c9b66428b66,,
B1636,P1322,SJ192,2025-05-27 11:37:36.952,CONFIRMED,T5864633,22B,Om Bose,a8f5b688dd41,14700.1,NETBANKING
B1637,P1501,6F035,2025-12-01 11:37:36.952,PENDING,C1050147,27C,Yashvi Comar,fcaa53392096,11176.09,NETBANKING
B1637,P1501,6F035,2025-12-01 11:37:36.952,PENDING,C1050147,27C,Yashvi Comar,fcaa53392096,6828.89,NETBANKING
B1637,P1501,6F035,2025-12-01 11:37:36.952,PENDING,C1050147,27C,Yashvi Comar,fcaa53392096,7465.68,CARD
B1638,P1857,UK088,2026-02-23 11:37:36.952,CONFIRMED,V9615738,22C,Yashvi Hari,b1b66271e24f,,
B1639,P1913,6F009,2025-09-14 11:37:36.952,CONFIRMED,W1775123,24E,Ikshita Panchal,55ee6c2711cc,5066.71,CARD
B1639,P1913,6F009,2025-09-14 11:37:36.952,CONFIRMED,W1775123,24E,Ikshita Panchal,55ee6c2711cc,1002.59,NETBANKING
B1640,P1392,6F004,2026-01-28 11:37:36.952,CANCELLED,D5542609,30B,Manbir Keer,2e145078ba2f,,
B1641,P1805,UK122,2026-03-27 11:37:36.952,CONFIRMED,N0244654,28D,Harshil Dhingra,10652e1a2225,14953.42,NETBANKING
B1642,P1598,AI251,2026-02-15 11:37:36.952,PENDING,B5171073,4E,Aahana Hora,2f1d9384bb5f,6919.99,NETBANKING
B1643,P1148,AI027,2026-02-04 11:37:36.952,PENDING,M6478370,14A,Oscar Dua,50cebb66e717,,
B1644,P1760,SJ165,2025-10-20 11:37:36.952,PENDING,K3802741,20E,Faqid Goel,060dbd4530ef,10406.49,CARD
B1645,P1832,UK081,2025-08-16 11:37:36.952,CONFIRMED,R2602925,17D,Wakeeta Shetty,b2cd58cb086e,2308.55,NETBANKING
B1646,P1404,UK191,2025-09-27 11:37:36.952,CANCELLED,R2884076,28C,Saumya Naidu,e30421eb458c,12645.54,CARD
B1646,P1404,UK191,2025-09-27 11:37:36.952,CANCELLED,R2884076,28C,Saumya Naidu,e30421eb458c,10009.34,UPI
B1647,P1282,SJ188,2025-11-06 11:37:36.952,PENDING,R6327135,14F,Diya Dora,a575f6e3b60e,7863.11,NETBANKING
B1647,P1282,SJ188,2025-11-06 11:37:36.952,PENDING,R6327135,14F,Diya Dora,a575f6e3b60e,9457.52,CARD
B1648,P1361,6F016,2025-08-09 11:37:36.952,CONFIRMED,P2592386,33D,Ria Bir,a29543048e42,3484.04,CARD
B1649,P1378,6F064,2026-04-05 11:37:36.952,PENDING,A4886932,4F,Upasna Sathe,dc7877c76943,14719.81,UPI
B1649,P1378,6F064,2026-04-05 11:37:36.952,PENDING,A4886932,4F,Upasna Sathe,dc7877c76943,13388.24,UPI
B1650,P1197,SJ105,2026-04-03 11:37:36.952,CONFIRMED,M3405089,10D,Chavvi Maharaj,d794850190e5,,
B1651,P1555,SJ054,2025-09-09 11:37:36.952,CANCELLED,P1597640,21B,Daksh Pandey,95b4febda135,6941.55,NETBANKING
B1652,P1355,6F197,2025-12-19 11:37:36.952,PENDING,R0789775,23C,Yashica Borah,ae9f4c9b28d1,2694.0,NETBANKING
B1652,P1355,6F197,2025-12-19 11:37:36.952,PENDING,R0789775,23C,Yashica Borah,ae9f4c9b28d1,12576.65,UPI
B1652,P1355,6F197,2025-12-19 11:37:36.952,PENDING,R0789775,23C,Yashica Borah,ae9f4c9b28d1,4145.25,CARD
B1652,P1355,6F197,2025-12-19 11:37:36.952,PENDING,R0789775,23C,Yashica Borah,ae9f4c9b28d1,2104.63,NETBANKING
B1653,P1539,AI040,2026-03-26 11:37:36.952,CANCELLED,C9038422,31B,Dayita Shenoy,9fd1da2ed929,10350.94,NETBANKING
B1654,P1428,AI131,2025-08-14 11:37:36.952,CONFIRMED,E7320222,31A,Siya Barad,a20e7f0ebbc5,12116.85,NETBANKING
B1655,P1016,6F141,2025-10-09 11:37:36.952,PENDING,C7576917,7D,Dakshesh Pillay,c218dd2c622e,,
B1656,P1638,UK035,2025-05-12 11:37:36.952,CONFIRMED,K2985144,26E,Bhavini Bose,d10ae42b66a7,9174.46,NETBANKING
B1657,P1378,AI005,2025-08-28 11:37:36.952,CONFIRMED,M2169039,12B,Gautam Tripathi,71203a7353dd,11326.44,UPI
B1658,P1679,AI001,2025-06-22 11:37:36.952,CONFIRMED,P9801426,18D,Leena Shere,b51dbc6eac98,,
B1659,P1505,UK211,2026-01-17 11:37:36.952,PENDING,P8017703,6D,Benjamin Sengupta,432b8166ee94,,
B1660,P1755,SJ189,2026-04-04 11:37:36.952,CANCELLED,B5004933,12D,Raghav Nagy,ed096d35f8d0,8027.125,CARD
B1660,P1755,SJ189,2026-04-04 11:37:36.952,CANCELLED,B5004933,12D,Raghav Nagy,ed096d35f8d0,5033.75,CARD
B1661,P1898,UK006,2025-04-21 11:37:36.952,PENDING,J4693172,18D,Vamakshi Thaker,3392c28aa7e0,14848.6,CARD
B1661,P1898,UK006,2025-04-21 11:37:36.952,PENDING,J4693172,18D,Vamakshi Thaker,3392c28aa7e0,6130.91,NETBANKING
B1662,P1075,6F189,2025-10-13 11:37:36.952,CONFIRMED,W0839065,17A,Matthew Bhatia,064ad09ea2a5,9168.1,NETBANKING
B1663,P1230,AI133,2025-05-16 11:37:36.952,CANCELLED,Y9851939,15B,Shravya Chauhan,c3bee888b832,8481.4,CARD
B1663,P1230,AI133,2025-05-16 11:37:36.952,CANCELLED,Y9851939,15B,Shravya Chauhan,c3bee888b832,12656.53,NETBANKING
B1663,P1230,AI133,2025-05-16 11:37:36.952,CANCELLED,Y9851939,15B,Shravya Chauhan,c3bee888b832,14337.32,UPI
B1663,P1230,AI133,2025-05-16 11:37:36.952,CANCELLED,Y9851939,15B,Shravya Chauhan,c3bee888b832,13004.79,NETBANKING
B1663,P1230,AI133,2025-05-16 11:37:36.952,CANCELLED,Y9851939,15B,Shravya Chauhan,c3bee888b832,5715.1,CARD
B1663,P1230,AI133,2025-05-16 11:37:36.952,CANCELLED,Y9851939,15B,Shravya Chauhan,c3bee888b832,12690.33,CARD
B1664,P1715,SJ216,2025-11-08 11:37:36.952,CONFIRMED,F7281291,25B,Hemal Chad,7409f77ac4e5,,
B1665,P1961,SJ133,2026-03-04 11:37:36.952,CANCELLED,B4960266,29D,Yamini Gera,11f253783935,13434.66,UPI
B1666,P1247,UK082,2026-03-05 11:37:36.952,PENDING,F7284539,32C,Balveer Kota,c8acacbdb50f,4184.87,CARD
B1667,P1301,6F136,2026-02-16 11:37:36.952,CANCELLED,R0886406,32C,Raksha Sarna,23352b21a98f,,
B1668,P1725,6F039,2025-04-30 11:37:36.952,PENDING,F0801929,3B,Nathan Patla,2c3b03bbe740,,
B1669,P1214,AI011,2025-06-16 11:37:36.952,CONFIRMED,C5439044,3E,Kashish Mandal,2c70f9449747,,
B1670,P1157,SJ225,2025-05-12 11:37:36.952,CANCELLED,F5333202,16C,Lila Rege,4a8bd6ae5af3,,
B1671,P1068,SJ024,2025-07-08 11:37:36.952,CONFIRMED,E5550193,22C,Hamsini Ben,f53e88e21ef0,,
B1672,P1392,AI109,2025-08-01 11:37:36.952,CANCELLED,B3698884,14E,Gaurika Bhatti,e220c76d523d,6895.9,CARD
B1673,P1084,AI147,2025-06-12 11:37:36.952,CONFIRMED,H3243629,28B,Forum Chandra,f5cd08c75d28,,
B1674,P1266,UK057,2025-11-03 11:37:36.952,CANCELLED,W0598312,18C,Libni Mander,32f6f61373fb,,
B1675,P1068,6F111,2025-08-01 11:37:36.952,CANCELLED,X0759659,9A,Zayyan Doctor,f1d96d96770c,,
B1676,P1610,AI197,2026-04-14 11:37:36.952,PENDING,H7631774,24C,Gauri Bumb,532fd6997536,14683.17,UPI
B1676,P1610,AI197,2026-04-14 11:37:36.952,PENDING,H7631774,24C,Gauri Bumb,532fd6997536,11869.65,CARD
B1677,P1346,UK127,2026-01-31 11:37:36.952,PENDING,A6294193,29C,Lohit Palla,e670b2e22015,4648.87,NETBANKING
B1677,P1346,UK127,2026-01-31 11:37:36.952,PENDING,A6294193,29C,Lohit Palla,e670b2e22015,14950.31,CARD
B1678,P1961,6F240,2025-12-31 11:37:36.952,PENDING,E2671317,24B,Dayita Ramanathan,af9396410b15,3831.88,NETBANKING
B1679,P1727,6F257,2025-08-17 11:37:36.952,CANCELLED,P4752864,25A,Kai Chad,a925c9e46df7,,
B1680,P1926,AI253,2026-03-19 11:37:36.952,CONFIRMED,A9617300,11F,Dayita Puri,995c0ea42015,,
B1681,P1672,SJ135,2026-04-02 11:37:36.952,CANCELLED,E4032115,15C,Falguni Datta,29715cfcff33,11541.74,UPI
B1681,P1672,SJ135,2026-04-02 11:37:36.952,CANCELLED,E4032115,15C,Falguni Datta,29715cfcff33,14516.19,NETBANKING
B1682,P1422,UK112,2025-07-10 11:37:36.952,CANCELLED,L1432191,20B,Girik Sampath,a4b1e50e7491,2916.86,CARD
B1683,P1605,AI050,2025-08-07 11:37:36.952,CONFIRMED,R7972479,9C,Yashoda Pathak,b1edebf840d4,8188.97,UPI
B1683,P1605,AI050,2025-08-07 11:37:36.952,CONFIRMED,R7972479,9C,Yashoda Pathak,b1edebf840d4,11160.79,NETBANKING
B1684,P1173,UK060,2025-11-18 11:37:36.952,PENDING,E1883458,8E,Andrew Patil,fad603c10b78,,
B1685,P1676,SJ183,2025-05-15 11:37:36.952,CANCELLED,A4877067,25E,Dayamai Gole,47684dfcd254,5545.26,NETBANKING
B1685,P1676,SJ183,2025-05-15 11:37:36.952,CANCELLED,A4877067,25E,Dayamai Gole,47684dfcd254,7155.18,NETBANKING
B1686,P1114,UK138,2025-11-17 11:37:36.952,CONFIRMED,H2998651,23E,Tanish Om,827e609d8197,1293.05,CARD
B1687,P1219,SJ071,2025-10-12 11:37:36.952,PENDING,L7846408,22F,Vedika Handa,98d424b70a1f,,
B1688,P1955,AI057,2025-06-14 11:37:36.952,PENDING,V8382567,9D,Upkaar Devan,6e6f6e3ce63c,10945.95,NETBANKING
B1689,P1030,SJ151,2025-07-10 11:37:36.952,CANCELLED,V4672925,20B,Mohammed Brahmbhatt,42624199e76a,8030.27,CARD
B1690,P1522,SJ144,2025-06-28 11:37:36.952,PENDING,M1962822,12C,Chakrika Chaudhuri,408d76d6cea1,7675.73,UPI
B1691,P1342,SJ087,2026-01-23 11:37:36.952,PENDING,D8256247,12E,Yashica Zacharia,41cd5d5e2352,10442.06,UPI
B1692,P1376,SJ066,2026-04-02 11:37:36.952,CONFIRMED,X4201223,18A,Baljiwan Nayar,386089338f0e,,
B1693,P1129,AI247,2026-01-02 11:37:36.952,CONFIRMED,X2900966,11F,Karan Puri,543696eb471c,,
B1694,P1999,SJ102,2026-04-01 11:37:36.952,PENDING,E6604509,24D,Mitesh Gaba,b50f2372c7e4,3525.42,CARD
B1694,P1999,SJ102,2026-04-01 11:37:36.952,PENDING,E6604509,24D,Mitesh Gaba,b50f2372c7e4,3628.19,CARD
B1695,P1616,6F252,2026-04-13 11:37:36.952,CONFIRMED,C7400391,4F,Pratyush Gandhi,714694eab83b,5969.93,NETBANKING
B1696,P1538,6F055,2025-11-28 11:37:36.952,PENDING,H3538922,11C,Raksha Bassi,162c4fa13a7f,,
B1697,P1738,AI204,2025-11-12 11:37:36.952,CANCELLED,C9360060,34B,Nirja Patla,12e163e5e68a,,
B1698,P1001,AI016,2026-02-02 11:37:36.952,CONFIRMED,B5646160,31D,Wazir Sawhney,d80d11fcb634,8023.98,NETBANKING
B1699,P1870,AI209,2025-12-11 11:37:36.952,PENDING,K3850095,15D,Bhavani Sen,2788c2881477,8211.18,CARD
B1699,P1870,AI209,2025-12-11 11:37:36.952,PENDING,K3850095,15D,Bhavani Sen,2788c2881477,8027.125,NETBANKING
B1699,P1870,AI209,2025-12-11 11:37:36.952,PENDING,K3850095,15D,Bhavani Sen,2788c2881477,6149.02,NETBANKING
B1699,P1870,AI209,2025-12-11 11:37:36.952,PENDING,K3850095,15D,Bhavani Sen,2788c2881477,8784.73,NETBANKING
B1700,P1100,SJ211,2026-01-04 11:37:36.952,PENDING,J6176231,14B,Vivaan Walla,5782324eec63,6028.27,CARD
B1701,P1532,6F103,2025-10-16 11:37:36.952,CONFIRMED,A9441642,13F,William More,8f229f7bd455,,
B1702,P1057,UK182,2025-04-22 11:37:36.952,CONFIRMED,M4413727,31F,Upasna Hari,f548d95e537c,13329.36,CARD
B1702,P1057,UK182,2025-04-22 11:37:36.952,CONFIRMED,M4413727,31F,Upasna Hari,f548d95e537c,8027.125,NETBANKING
B1703,P1388,6F264,2025-12-25 11:37:36.952,CANCELLED,M7606349,19B,Jhalak Sastry,ddf2aa944253,5813.95,NETBANKING
B1703,P1388,6F264,2025-12-25 11:37:36.952,CANCELLED,M7606349,19B,Jhalak Sastry,ddf2aa944253,6181.25,NETBANKING
B1704,P1691,6F027,2025-07-23 11:37:36.952,PENDING,J6175518,29A,Triya Manda,b7c2c087c769,13993.49,NETBANKING
B1705,P1940,UK198,2026-01-31 11:37:36.952,CANCELLED,T9993242,3B,Lavanya Thakkar,e7c4c5cfab32,1658.55,UPI
B1705,P1940,UK198,2026-01-31 11:37:36.952,CANCELLED,T9993242,3B,Lavanya Thakkar,e7c4c5cfab32,2089.75,CARD
B1705,P1940,UK198,2026-01-31 11:37:36.952,CANCELLED,T9993242,3B,Lavanya Thakkar,e7c4c5cfab32,10970.63,NETBANKING
B1705,P1940,UK198,2026-01-31 11:37:36.952,CANCELLED,T9993242,3B,Lavanya Thakkar,e7c4c5cfab32,6139.86,UPI
B1706,P1340,6F171,2025-09-07 11:37:36.952,CANCELLED,H7444172,15C,Omya Edwin,c5952762807f,,
B1707,P1860,AI004,2025-07-05 11:37:36.952,CANCELLED,L3869479,1B,Ryan Devi,b720dc57ba56,,
B1708,P1019,6F157,2025-11-22 11:37:36.952,CONFIRMED,W5362689,3C,Zashil Ben,932276760451,,
B1709,P1254,AI018,2025-10-03 11:37:36.952,CANCELLED,G8641009,22B,Vasana Prabhu,360aaf52057f,,
B1710,P1316,UK098,2025-08-05 11:37:36.952,CONFIRMED,L7421643,21E,Harshil Varty,8ca2d65aaefe,12059.65,CARD
B1711,P1037,6F167,2026-01-29 11:37:36.952,CONFIRMED,B9378146,4C,Jeet Mane,3d3531cf2135,,
B1712,P1659,AI228,2025-09-06 11:37:36.952,CANCELLED,Z6143788,17C,Fiyaz Dyal,2fa832c2c6d0,,
B1713,P1536,SJ242,2025-08-31 11:37:36.952,CANCELLED,B6618756,17D,Anjali Sengupta,f6ef31a5d058,,
B1714,P1385,6F227,2025-12-11 11:37:36.952,PENDING,N3681541,34C,Yochana Din,caf8f59ff9cd,5064.12,NETBANKING
B1715,P1632,6F037,2025-08-27 11:37:36.952,CANCELLED,E7729108,20C,Rajeshri Chand,6a124733533f,,
B1716,P1927,6F107,2025-12-22 11:37:36.952,PENDING,R8604356,28A,Tristan Seshadri,230dba38fba7,,
B1717,P1025,SJ125,2025-11-06 11:37:36.952,CANCELLED,H3746983,14A,Ikshita Bala,125d27206b32,1220.3,NETBANKING
B1717,P1025,SJ125,2025-11-06 11:37:36.952,CANCELLED,H3746983,14A,Ikshita Bala,125d27206b32,1187.92,UPI
B1718,P1453,UK117,2025-06-17 11:37:36.952,CANCELLED,Z7306718,9B,Oeshi Bera,b5001df6ec96,7833.36,UPI
B1718,P1453,UK117,2025-06-17 11:37:36.952,CANCELLED,Z7306718,9B,Oeshi Bera,b5001df6ec96,10479.42,UPI
B1719,P1680,6F192,2025-11-12 11:37:36.952,CANCELLED,P7941908,29E,Meghana Thakkar,4d4f9716e3af,5781.1,UPI
B1720,P1322,AI201,2025-11-27 11:37:36.952,CANCELLED,G8590673,27B,Kashvi Keer,ca614ea681ec,5194.3,NETBANKING
B1721,P1736,SJ126,2026-03-25 11:37:36.952,PENDING,F8987605,21A,Libni Bumb,3243a948a0db,,
B1722,P1512,AI177,2026-02-10 11:37:36.952,PENDING,E2170486,5E,Kavya Kapur,bace84681935,8027.125,CARD
B1723,P1818,AI092,2025-12-23 11:37:36.952,CANCELLED,R0663201,26B,Ayaan Nagar,1acb3b5b7b54,,
B1724,P1772,6F076,2025-10-10 11:37:36.952,CANCELLED,G9928919,11D,Hardik Nayak,98feb0ade930,10484.53,UPI
B1725,P1012,AI185,2025-04-29 11:37:36.952,PENDING,E6533717,1E,Madhav Devan,c242c4759202,8027.125,NETBANKING
B1726,P1914,AI055,2025-05-14 11:37:36.952,CONFIRMED,K9426942,2B,Balvan Mangat,c53fdf0b23dd,3304.78,NETBANKING
B1726,P1914,AI055,2025-05-14 11:37:36.952,CONFIRMED,K9426942,2B,Balvan Mangat,c53fdf0b23dd,7008.67,UPI
B1727,P1907,6F222,2026-03-15 11:37:36.952,CONFIRMED,H5490145,27D,Urmi Dewan,b836abbfe048,,
B1728,P1559,AI090,2025-12-12 11:37:36.952,CONFIRMED,Y2195873,1C,Upasna Sen,df9f275b9cea,7592.89,CARD
B1729,P1920,AI183,2025-06-03 11:37:36.952,PENDING,V2438843,4F,Abdul Buch,6763062e2cf8,2726.28,NETBANKING
B1730,P1824,AI041,2025-04-29 11:37:36.952,PENDING,C7816780,25F,Anirudh Kunda,8b25e4c065e8,8027.125,NETBANKING
B1731,P1370,6F210,2025-07-12 11:37:36.952,CONFIRMED,J3158901,25F,Tanveer Doctor,9eb2c0e56686,1355.89,CARD
B1732,P1290,AI170,2026-01-15 11:37:36.952,CONFIRMED,X2815037,3A,Pallavi Choudhry,e27fbfea2fc9,7405.96,NETBANKING
B1733,P1331,SJ008,2026-04-16 11:37:36.952,CANCELLED,Y2640703,2E,Bhavya Khanna,955d019469f3,10832.74,CARD
B1734,P1605,AI049,2025-09-29 11:37:36.952,PENDING,Z1726282,27E,Charvi Dara,17bab756591a,2972.66,CARD
B1735,P1260,SJ132,2025-05-12 11:37:36.952,PENDING,K4850072,34E,Champak Khare,ca0a998042dd,10012.48,NETBANKING
B1736,P1993,SJ224,2026-01-26 11:37:36.952,CONFIRMED,F7411680,28E,Oni Shankar,adbf6a345b80,6802.73,NETBANKING
B1736,P1993,SJ224,2026-01-26 11:37:36.952,CONFIRMED,F7411680,28E,Oni Shankar,adbf6a345b80,1787.85,CARD
B1737,P1789,UK038,2025-06-11 11:37:36.952,CONFIRMED,Y6127662,1E,Dev Choudhry,e96584d9b027,12049.41,CARD
B1738,P1870,SJ220,2025-08-14 11:37:36.952,PENDING,E0391702,27B,Xalak Wason,c9a9ed84f1c1,8457.96,NETBANKING
B1738,P1870,SJ220,2025-08-14 11:37:36.952,PENDING,E0391702,27B,Xalak Wason,c9a9ed84f1c1,7204.52,CARD
B1738,P1870,SJ220,2025-08-14 11:37:36.952,PENDING,E0391702,27B,Xalak Wason,c9a9ed84f1c1,10340.66,NETBANKING
B1739,P1204,6F124,2025-06-29 11:37:36.952,CANCELLED,J3596245,34F,Amol Varma,2719a2bfc99b,8263.32,UPI
B1740,P1696,SJ164,2025-11-16 11:37:36.952,CONFIRMED,C2042425,14D,Wyatt Dhawan,e7093ba06fad,,
B1741,P1686,AI026,2025-05-18 11:37:36.952,PENDING,C2375302,18E,Bishakha Sanghvi,43b078e874b4,4483.43,UPI
B1742,P1949,6F144,2025-09-14 11:37:36.952,PENDING,B3967024,16D,Aarav Pandit,8c9c71ce92df,,
B1743,P1386,6F137,2025-11-21 11:37:36.952,INVALID,K0553648,6F,Wridesh Saha,46a639c116f1,4062.36,NETBANKING
B1744,P1891,UK139,2025-09-05 11:37:36.952,CANCELLED,M4036488,10A,Rachit Chada,86468a7332ec,9225.17,CARD
B1745,P1820,UK139,2025-05-20 11:37:36.952,CONFIRMED,X7738546,27B,Jalsa Bir,e8e59a536816,10889.16,NETBANKING
B1746,P1467,SJ140,2025-08-31 11:37:36.952,CONFIRMED,H6066799,34D,Yashica Tripathi,e60aa3e92ef8,,
B1747,P1414,6F131,2025-04-20 11:37:36.952,CONFIRMED,C2594972,9F,Anmol Ramakrishnan,20f9bcf6327e,,
B1748,P1068,UK128,2025-11-15 11:37:36.952,PENDING,F9862269,9A,Upma Bassi,1ad728fa853b,13170.94,UPI
B1749,P1471,SJ219,2026-02-19 11:37:36.952,CONFIRMED,N1799623,23D,Lila Prakash,3741e8a544fb,,
B1750,P1103,SJ159,2025-09-21 11:37:36.952,PENDING,Y8335876,33D,Zehaan Babu,71ae2f90bb6d,,
B1751,P1757,UK192,2025-09-19 11:37:36.952,CONFIRMED,Y2560413,17E,Ishanvi Bir,6c1157d25dc3,14391.99,UPI
B1752,P1160,AI014,2025-08-13 11:37:36.952,CANCELLED,V4931539,34F,Hemani Khosla,af29abd73db1,,
B1753,P1199,SJ152,2025-08-08 11:37:36.952,CANCELLED,Y1226000,5C,Hemang Natarajan,e1fe34ac65d7,4016.57,UPI
B1754,P1215,SJ060,2026-02-11 11:37:36.952,PENDING,Z7629143,3C,Kiaan Basu,b64b096d68e8,12013.34,UPI
B1755,P1945,AI127,2026-02-17 11:37:36.952,CANCELLED,K1038975,10F,Indira Nigam,8e0b15436e5c,4760.39,CARD
B1756,P1211,SJ096,2026-01-27 11:37:36.952,PENDING,B9986564,11F,Parth Shetty,89ca2c67ef02,8027.125,NETBANKING
B1757,P1507,AI215,2025-04-24 11:37:36.952,PENDING,A5920823,22B,Varenya Gopal,9ad2895112ed,1608.39,CARD
B1758,P1015,UK009,2026-02-28 11:37:36.952,CANCELLED,T6691948,26B,Krishna Bhatnagar,710ffc4c7e77,8260.94,NETBANKING
B1759,P1497,AI171,2025-10-26 11:37:36.952,PENDING,M6820175,16F,Tanvi Bansal,769fb53082ed,2656.83,UPI
B1759,P1497,AI171,2025-10-26 11:37:36.952,PENDING,M6820175,16F,Tanvi Bansal,769fb53082ed,8269.17,UPI
B1760,P1883,UK151,2026-01-14 11:37:36.952,CANCELLED,Y6618695,31B,Chaaya Jaggi,fd13ede353f4,12133.03,NETBANKING
B1761,P1331,AI099,2025-05-22 11:37:36.952,CONFIRMED,K3474125,15A,Caleb Iyengar,65eff528c068,13916.72,UPI
B1761,P1331,AI099,2025-05-22 11:37:36.952,CONFIRMED,K3474125,15A,Caleb Iyengar,65eff528c068,5266.12,NETBANKING
B1761,P1331,AI099,2025-05-22 11:37:36.952,CONFIRMED,K3474125,15A,Caleb Iyengar,65eff528c068,12083.73,CARD
B1761,P1331,AI099,2025-05-22 11:37:36.952,CONFIRMED,K3474125,15A,Caleb Iyengar,65eff528c068,4405.82,NETBANKING
B1762,P1716,UK050,2025-06-04 11:37:36.952,CONFIRMED,Y5610077,32B,Benjamin Mutti,735329d1136b,2987.06,UPI
B1762,P1716,UK050,2025-06-04 11:37:36.952,CONFIRMED,Y5610077,32B,Benjamin Mutti,735329d1136b,10910.07,NETBANKING
B1763,P1876,UK092,2025-10-06 11:37:36.952,CANCELLED,T5036192,3B,Dayita Varma,9bc82000e3d6,8027.125,CARD
B1764,P1550,SJ058,2025-06-20 11:37:36.952,CANCELLED,Y9919387,13B,Mitali Solanki,fe9a81c68416,10528.45,NETBANKING
B1765,P1600,SJ090,2025-12-21 11:37:36.952,CANCELLED,G4244474,1C,Zehaan Bansal,4144e9447071,10025.41,UPI
B1765,P1600,SJ090,2025-12-21 11:37:36.952,CANCELLED,G4244474,1C,Zehaan Bansal,4144e9447071,13900.07,NETBANKING
B1766,P1941,6F173,2025-09-07 11:37:36.952,CANCELLED,A7862351,1F,Rayaan Mangal,bcac33e4a13a,,
B1767,P1255,AI186,2025-11-19 11:37:36.952,CONFIRMED,L1917085,6D,Ishanvi Batta,0e03c361ca08,5997.12,UPI
B1767,P1255,AI186,2025-11-19 11:37:36.952,CONFIRMED,L1917085,6D,Ishanvi Batta,0e03c361ca08,4465.09,UPI
B1768,P1991,AI130,2026-03-23 11:37:36.952,PENDING,F8951456,13C,Garima Mahajan,d1aad83a64cd,2835.7,NETBANKING
B1769,P1765,SJ111,2025-11-23 11:37:36.952,INVALID,C8580558,6F,Jeet Pillai,22d8137ee8fa,1168.88,CARD
B1769,P1765,SJ111,2025-11-23 11:37:36.952,INVALID,C8580558,6F,Jeet Pillai,22d8137ee8fa,1296.41,UPI
B1770,P1727,6F203,2025-08-04 11:37:36.952,CONFIRMED,R4496539,8D,Rajeshri Ratta,efceab41a489,,
B1771,P1879,6F138,2025-05-24 11:37:36.952,PENDING,T7004093,1F,Ria Raju,5af940bedaf7,6761.89,NETBANKING
B1772,P1814,6F109,2025-08-29 11:37:36.952,CONFIRMED,K1840398,10B,Harinakshi Grover,3f5550b2170c,,
B1773,P1171,AI074,2026-01-01 11:37:36.952,PENDING,W0396620,16E,Watika Tank,1629f2da1a89,11699.42,NETBANKING
B1774,P1648,UK161,2026-01-07 11:37:36.952,CANCELLED,W8640788,1B,Jhalak Venkataraman,ee200411521d,,
B1775,P1999,AI008,2025-06-19 11:37:36.952,CANCELLED,F9516469,14B,Amara Butala,6139c77ef539,13185.54,UPI
B1776,P1497,UK121,2025-12-27 11:37:36.952,CANCELLED,P2303974,17A,Panini Brar,b908466805cc,8385.89,CARD
B1776,P1497,UK121,2025-12-27 11:37:36.952,CANCELLED,P2303974,17A,Panini Brar,b908466805cc,8306.25,UPI
B1777,P1470,6F154,2025-04-26 11:37:36.952,CONFIRMED,P7089870,11A,Qushi Gole,9a0768830ac3,9927.3,UPI
B1778,P1383,6F161,2025-08-01 11:37:36.952,CONFIRMED,Y1843113,10D,Chaaya Nagi,d7d1d381b6e5,,
B1779,P1689,6F153,2026-02-01 11:37:36.952,PENDING,D5848580,22B,Harshil Buch,833a929cc2c6,8876.97,UPI
B1780,P1588,6F225,2026-02-10 11:37:36.952,PENDING,F1196047,11B,Falak Merchant,64b909083dba,,
B1781,P1699,AI191,2026-02-09 11:37:36.952,PENDING,H9707745,18C,Damini Sehgal,ef1cab61679c,,
B1782,P1506,AI218,2025-08-18 11:37:36.952,CONFIRMED,B8231714,25F,Pooja Ganesan,6e12cd8d1e43,4755.95,NETBANKING
B1783,P1991,6F267,2025-09-28 11:37:36.952,PENDING,Y9539467,25D,Sachi Panchal,36197ff6622a,8201.65,NETBANKING
B1784,P1526,UK125,2025-08-20 11:37:36.952,CANCELLED,F3596053,1B,Sanya Basak,775eddac4d31,1577.5,UPI
B1785,P1803,6F208,2025-08-19 11:37:36.952,PENDING,W4025787,1B,Ira Saran,a8916decbd26,2489.15,UPI
B1786,P1830,6F119,2026-02-12 11:37:36.952,CANCELLED,N0506306,26B,Anvi Bhandari,3f8d1a136a5f,14801.3,CARD
B1787,P1324,AI063,2025-07-11 11:37:36.952,CONFIRMED,A5028164,1E,Falan Ravi,037adadbc874,4567.25,CARD
B1787,P1324,AI063,2025-07-11 11:37:36.952,CONFIRMED,A5028164,1E,Falan Ravi,037adadbc874,6253.45,UPI
B1787,P1324,AI063,2025-07-11 11:37:36.952,CONFIRMED,A5028164,1E,Falan Ravi,037adadbc874,2509.98,CARD
B1788,P1213,UK016,2025-06-05 11:37:36.952,CANCELLED,G9091203,2B,Januja Varghese,b2dd113b1523,,
B1789,P1207,6F048,2026-01-13 11:37:36.952,CANCELLED,A9452375,30F,Nathaniel Balasubramanian,0b34c8e4b75a,11758.27,NETBANKING
B1790,P1168,6F266,2025-04-23 11:37:36.952,CANCELLED,D9260098,28A,Luke Sarma,dfdad31a41a3,1700.5,CARD
B1790,P1168,6F266,2025-04-23 11:37:36.952,CANCELLED,D9260098,28A,Luke Sarma,dfdad31a41a3,3271.3,CARD
B1791,P1329,AI167,2026-02-24 11:37:36.952,CONFIRMED,M7454492,3C,Bakhshi Date,d15bb63cb949,,
B1792,P1279,6F165,2026-01-17 11:37:36.952,CONFIRMED,W9445381,8E,Ekalinga Keer,dad8d82f4d8f,,
B1793,P1977,SJ104,2025-11-25 11:37:36.952,CONFIRMED,W1896558,14C,Jeevika Pathak,c3f9fb95bb78,12515.25,NETBANKING
B1794,P1304,UK160,2025-06-26 11:37:36.952,CONFIRMED,L6622952,8D,Leela Bali,db8abf76268b,,
B1795,P1145,UK160,2026-03-21 11:37:36.952,PENDING,L6603616,9C,Mitesh Sengupta,f1ff06f4a773,11714.65,CARD
B1796,P1774,SJ230,2025-11-28 11:37:36.952,CONFIRMED,R0472660,9B,Kamala Prabhu,98dc6394175e,,
B1797,P1515,AI042,2025-06-03 11:37:36.952,CANCELLED,C5850153,1A,Sachi Bose,ea93e5d96ce9,,
B1798,P1089,UK197,2025-05-16 11:37:36.952,CONFIRMED,Z1671560,23E,Laksh Wagle,41094aff6f4b,8027.125,CARD
B1798,P1089,UK197,2025-05-16 11:37:36.952,CONFIRMED,Z1671560,23E,Laksh Wagle,41094aff6f4b,14793.78,UPI
B1799,P1452,AI107,2026-02-05 11:37:36.952,PENDING,B5224413,16E,Jeevika Rao,65d57045f5e2,,
B1800,P1059,SJ128,2025-08-22 11:37:36.952,PENDING,R9406453,7F,Dipta Mallick,cb748c1f88d3,4478.56,NETBANKING
B1801,P1310,6F121,2026-04-14 11:37:36.952,PENDING,R9057191,34F,Zaid Comar,56aecc0a94b9,,
B1802,P1527,AI111,2025-06-30 11:37:36.952,INVALID,K6936561,16B,Atharv Grewal,930adcfc9a55,2072.55,UPI
B1803,P1226,SJ137,2026-02-21 11:37:36.952,CONFIRMED,Y7487680,24F,Xalak Vasa,1d4d8de02b7c,5663.2,UPI
B1804,P1473,AI232,2025-11-12 11:37:36.952,CONFIRMED,F3771843,1F,Lila Dalal,d9ce9684d79b,9496.04,UPI
B1805,P1977,SJ113,2025-10-26 11:37:36.952,CONFIRMED,F2095673,14B,Adweta Lad,3b73c5a7aeb8,8027.125,CARD
B1806,P1540,AI117,2025-08-02 11:37:36.952,CANCELLED,Y7323964,17A,Sanaya Kala,0a913fca7855,14488.78,NETBANKING
B1807,P1662,6F185,2025-06-28 11:37:36.952,CANCELLED,E5326769,12C,Bhavika Swaminathan,3a3635b67981,1759.8,UPI
B1808,P1756,AI194,2026-01-26 11:37:36.952,PENDING,T3923852,3B,Ryan Das,2d1981f41e1d,,
B1809,P1781,UK045,2026-04-09 11:37:36.952,PENDING,F0914016,13B,Krishna Borah,d2fd2c122dba,2114.98,CARD
B1810,P1078,6F228,2026-03-20 11:37:36.952,CONFIRMED,J4234719,34B,Siya Gera,abd311e65eb2,,
B1811,P1432,SJ190,2026-04-04 11:37:36.952,CANCELLED,T5515452,25A,Sai Chahal,f3e005a3d378,9625.29,NETBANKING
B1812,P1800,AI156,2026-01-06 11:37:36.952,CANCELLED,P9991383,8A,Ekaja Palan,1ddf12dad50e,1736.99,UPI
B1813,P1152,AI104,2025-04-21 11:37:36.952,INVALID,N4332262,9D,Dhruv Mannan,38a1362e449e,,
B1814,P1788,UK033,2025-06-22 11:37:36.952,CONFIRMED,R3316806,26C,Charita Dugar,7fff15ff80c8,8653.51,UPI
B1814,P1788,UK033,2025-06-22 11:37:36.952,CONFIRMED,R3316806,26C,Charita Dugar,7fff15ff80c8,1286.68,UPI
B1815,P1400,UK137,2025-05-01 11:37:36.952,PENDING,R0385036,3C,Owen Pathak,e64b5f3003af,4905.53,NETBANKING
B1815,P1400,UK137,2025-05-01 11:37:36.952,PENDING,R0385036,3C,Owen Pathak,e64b5f3003af,1450.31,UPI
B1816,P1278,UK214,2025-06-21 11:37:36.952,PENDING,Y8424107,20F,Yashoda Kapur,f6ff829c0207,8027.125,NETBANKING
B1816,P1278,UK214,2025-06-21 11:37:36.952,PENDING,Y8424107,20F,Yashoda Kapur,f6ff829c0207,4762.94,UPI
B1817,P1056,6F033,2025-06-07 11:37:36.952,PENDING,T4067582,28D,Jairaj Iyer,30ed3b86468b,11252.26,NETBANKING
B1817,P1056,6F033,2025-06-07 11:37:36.952,PENDING,T4067582,28D,Jairaj Iyer,30ed3b86468b,7766.36,CARD
B1818,P1976,AI114,2025-11-07 11:37:36.952,CONFIRMED,M9062003,26B,Liam Khalsa,2608b64bf4d6,4317.72,NETBANKING
B1819,P1185,AI017,2026-01-19 11:37:36.952,CONFIRMED,N4614974,21E,Wakeeta Bal,a723c9695402,,
B1820,P1397,6F244,2025-12-01 11:37:36.952,PENDING,X3183997,18E,Jalsa Pillay,c94880585fd7,7609.63,UPI
B1820,P1397,6F244,2025-12-01 11:37:36.952,PENDING,X3183997,18E,Jalsa Pillay,c94880585fd7,14865.24,UPI
B1821,P1604,6F160,2025-11-27 11:37:36.952,PENDING,Y8609955,1C,Unni Dayal,427763b3efbb,5390.05,UPI
B1821,P1604,6F160,2025-11-27 11:37:36.952,PENDING,Y8609955,1C,Unni Dayal,427763b3efbb,8027.125,UPI
B1821,P1604,6F160,2025-11-27 11:37:36.952,PENDING,Y8609955,1C,Unni Dayal,427763b3efbb,8027.125,CARD
B1822,P1787,6F088,2026-01-05 11:37:36.952,CANCELLED,P6432239,17D,Gabriel Bhatti,549adfa18b85,7545.61,NETBANKING
B1823,P1157,6F155,2025-11-26 11:37:36.952,CANCELLED,D2898115,19E,Dayamai Rao,d3b4dbc2d43c,7854.23,UPI
B1824,P1786,AI095,2026-04-15 11:37:36.952,PENDING,J0012762,9B,Varenya Vora,3332e1b95b4e,10599.9,CARD
B1825,P1692,6F139,2025-05-17 11:37:36.952,PENDING,K2256787,5E,Nirja Rout,b7fe201aed53,5950.28,CARD
B1826,P1358,6F101,2025-07-11 11:37:36.952,CANCELLED,G7887058,19A,Ethan Dass,28e3f5cca0d4,5128.12,CARD
B1827,P1439,AI054,2025-06-23 11:37:36.952,PENDING,B6134956,20D,Edhitha Borah,7f684b768b90,12661.75,UPI
B1827,P1439,AI054,2025-06-23 11:37:36.952,PENDING,B6134956,20D,Edhitha Borah,7f684b768b90,13802.23,NETBANKING
B1828,P1588,SJ094,2025-05-18 11:37:36.952,CANCELLED,A5867949,25B,Shivani Shukla,6fba11a5e2bc,9418.44,UPI
B1829,P1465,6F217,2026-01-15 11:37:36.952,CANCELLED,Y7236108,4E,Zansi Padmanabhan,6cf777fd8ade,4847.06,CARD
B1830,P1662,6F100,2026-04-15 11:37:36.952,CANCELLED,C6620165,23C,Kabir Gopal,718045c75724,12651.33,CARD
B1831,P1445,6F081,2026-02-05 11:37:36.952,CONFIRMED,V6457865,21C,Kai Sant,77b1d77ce0f9,12421.49,CARD
B1831,P1445,6F081,2026-02-05 11:37:36.952,CONFIRMED,V6457865,21C,Kai Sant,77b1d77ce0f9,13574.02,CARD
B1832,P1749,SJ156,2025-06-17 11:37:36.952,CONFIRMED,D2476400,4D,Yadavi Bhakta,fc7c28f42f4d,11197.41,NETBANKING
B1833,P1800,6F060,2025-06-07 11:37:36.952,PENDING,V6824051,27D,Jeet Vasa,b8393fe569c9,5872.19,UPI
B1834,P1742,UK129,2025-08-14 11:37:36.952,CANCELLED,L1224441,33E,Michael Modi,c9541e411e1e,7570.53,NETBANKING
B1835,P1487,UK032,2026-02-07 11:37:36.952,CONFIRMED,A2338686,2E,Nitesh Edwin,8d8d1df63fbf,,
B1836,P1529,AI166,2025-09-23 11:37:36.952,PENDING,L7017036,13A,Ekantika Kar,d9dac42b29ad,,
B1837,P1072,SJ056,2025-10-31 11:37:36.952,PENDING,J2386020,22F,Hiral Venkataraman,14fcc019acac,14269.72,UPI
B1837,P1072,SJ056,2025-10-31 11:37:36.952,PENDING,J2386020,22F,Hiral Venkataraman,14fcc019acac,14270.18,NETBANKING
B1837,P1072,SJ056,2025-10-31 11:37:36.952,PENDING,J2386020,22F,Hiral Venkataraman,14fcc019acac,10803.01,NETBANKING
B1838,P1928,SJ101,2025-06-12 11:37:36.952,PENDING,Y8309413,18F,Bhanumati Brar,e25df4b7d1d3,,
B1839,P1927,SJ065,2025-05-09 11:37:36.952,PENDING,P1979797,9C,Zashil Hegde,a866d7de622d,11811.63,UPI
B1839,P1927,SJ065,2025-05-09 11:37:36.952,PENDING,P1979797,9C,Zashil Hegde,a866d7de622d,4984.54,CARD
B1840,P1700,SJ100,2025-04-19 11:37:36.952,PENDING,W4135694,34A,Anvi Dass,33f1c882ca19,7085.2,CARD
B1841,P1949,UK011,2025-10-24 11:37:36.952,CANCELLED,B7356748,1E,Chavvi Walla,e1f8292c5d98,,
B1842,P1016,6F062,2026-02-17 11:37:36.952,PENDING,Z3940598,3B,Girik Thakkar,1b99b37a6131,1998.52,UPI
B1842,P1016,6F062,2026-02-17 11:37:36.952,PENDING,Z3940598,3B,Girik Thakkar,1b99b37a6131,7815.3,NETBANKING
B1843,P1530,SJ176,2025-08-15 11:37:36.952,CANCELLED,F9442031,23E,Om Dube,f07d0d8f16b2,4159.73,CARD
B1843,P1530,SJ176,2025-08-15 11:37:36.952,CANCELLED,F9442031,23E,Om Dube,f07d0d8f16b2,1488.32,UPI
B1844,P1730,6F120,2025-11-26 11:37:36.952,CONFIRMED,V4907342,3B,Onveer Nazareth,4b8e2b318c5d,8027.125,CARD
B1844,P1730,6F120,2025-11-26 11:37:36.952,CONFIRMED,V4907342,3B,Onveer Nazareth,4b8e2b318c5d,7078.61,NETBANKING
B1845,P1325,AI121,2026-03-05 11:37:36.952,PENDING,R7748675,24A,Benjamin Balakrishnan,a2102e290b07,3147.85,UPI
B1846,P1994,UK072,2025-08-30 11:37:36.952,CONFIRMED,V6482308,34F,Finn Bath,c7f3523dbb68,8100.01,UPI
B1847,P1631,AI006,2026-04-06 11:37:36.952,CANCELLED,L8684196,11B,Alka Kade,2a34605b55ad,10999.02,UPI
B1848,P1612,SJ231,2025-05-19 11:37:36.952,CANCELLED,P0586942,30D,Omaja Balasubramanian,f54ab22a79f1,1779.42,UPI
B1848,P1612,SJ231,2025-05-19 11:37:36.952,CANCELLED,P0586942,30D,Omaja Balasubramanian,f54ab22a79f1,4902.58,UPI
B1849,P1545,SJ129,2025-06-24 11:37:36.952,INVALID,V3173066,12E,Widisha Mann,fe25a0ab86fc,,
B1850,P1595,6F110,2025-04-21 11:37:36.952,PENDING,Z1518178,33B,Chasmum Subramanian,ba3ebd887817,7542.02,CARD
B1850,P1595,6F110,2025-04-21 11:37:36.952,PENDING,Z1518178,33B,Chasmum Subramanian,ba3ebd887817,14670.86,NETBANKING
B1851,P1920,6F231,2025-11-26 11:37:36.952,PENDING,E6559469,2D,Yash Ravi,16728b695113,,
B1852,P1707,6F095,2025-08-09 11:37:36.952,CONFIRMED,E7237179,33E,Chameli Setty,20478e041707,2491.83,CARD
B1853,P1841,UK054,2025-05-05 11:37:36.952,CONFIRMED,F3790065,18F,Elijah Bhasin,26905b520ad4,8948.88,NETBANKING
B1854,P1201,SJ123,2025-08-10 11:37:36.952,CONFIRMED,W4779541,29D,Nakul Sarraf,dbafabd7dfbb,6004.76,NETBANKING
B1854,P1201,SJ123,2025-08-10 11:37:36.952,CONFIRMED,W4779541,29D,Nakul Sarraf,dbafabd7dfbb,14521.74,UPI
B1854,P1201,SJ123,2025-08-10 11:37:36.952,CONFIRMED,W4779541,29D,Nakul Sarraf,dbafabd7dfbb,10538.38,NETBANKING
B1854,P1201,SJ123,2025-08-10 11:37:36.952,CONFIRMED,W4779541,29D,Nakul Sarraf,dbafabd7dfbb,2278.95,UPI
B1855,P1343,6F006,2026-01-04 11:37:36.952,PENDING,L3981889,3D,Ojasvi Sule,42b554e21485,12165.24,CARD
B1855,P1343,6F006,2026-01-04 11:37:36.952,PENDING,L3981889,3D,Ojasvi Sule,42b554e21485,9744.36,UPI
B1856,P1852,UK226,2025-05-04 11:37:36.952,PENDING,V1591579,4E,Ucchal Jani,560d9235683a,11604.48,CARD
B1856,P1852,UK226,2025-05-04 11:37:36.952,PENDING,V1591579,4E,Ucchal Jani,560d9235683a,14055.6,NETBANKING
B1857,P1522,AI065,2026-03-07 11:37:36.952,PENDING,V9626838,17E,Harini Dhawan,951918a0268f,4516.22,NETBANKING
B1857,P1522,AI065,2026-03-07 11:37:36.952,PENDING,V9626838,17E,Harini Dhawan,951918a0268f,13134.7,CARD
B1858,P1858,6F008,2025-11-25 11:37:36.952,CONFIRMED,G8020761,10B,Dhriti Nagar,d532a0480bf6,,
B1859,P1399,AI195,2025-11-11 11:37:36.952,PENDING,D2190518,7B,Hemani Rastogi,f3dea57a370e,,
B1860,P1217,UK043,2025-08-01 11:37:36.952,CONFIRMED,D8207066,3A,Kalpit Prabhakar,f4caddb56ef6,2531.6,UPI
B1860,P1217,UK043,2025-08-01 11:37:36.952,CONFIRMED,D8207066,3A,Kalpit Prabhakar,f4caddb56ef6,6999.9,NETBANKING
B1861,P1444,AI125,2025-10-15 11:37:36.952,CONFIRMED,X2372982,25E,Yutika Cherian,29cc8fc12f64,9044.04,UPI
B1862,P1764,AI089,2025-10-05 11:37:36.952,PENDING,J8649703,21A,Eiravati Khurana,7c44b12decf8,,
B1863,P1221,UK019,2026-02-12 11:37:36.952,CONFIRMED,L7896833,22C,Unnati Das,9cb3e5abe2ff,9857.74,NETBANKING
B1863,P1221,UK019,2026-02-12 11:37:36.952,CONFIRMED,L7896833,22C,Unnati Das,9cb3e5abe2ff,13070.93,CARD
B1864,P1382,UK078,2025-09-27 11:37:36.952,CANCELLED,T7312315,22C,Amara Sengupta,4b6f0acd26d6,10081.04,UPI
B1865,P1880,SJ009,2025-07-28 11:37:36.952,CANCELLED,L7052187,15E,Yug Dhaliwal,a9ea51c022d9,11740.51,NETBANKING
B1866,P1591,UK178,2026-01-28 11:37:36.952,CONFIRMED,J4045883,7A,Gunbir Bedi,b811d105a4f7,4987.99,NETBANKING
B1867,P1006,UK018,2025-11-23 11:37:36.952,CONFIRMED,K7012350,13D,Bina Rajagopalan,12d4d3585b3b,8158.17,NETBANKING
B1868,P1271,SJ059,2026-04-10 11:37:36.952,CANCELLED,L6891097,29E,Omya Kothari,32ec3f97f1e2,,
B1869,P1738,UK108,2026-02-04 11:37:36.952,CONFIRMED,B2344568,19C,Nathaniel Narang,71f69ad8179b,10155.04,CARD
B1869,P1738,UK108,2026-02-04 11:37:36.952,CONFIRMED,B2344568,19C,Nathaniel Narang,71f69ad8179b,11398.23,NETBANKING
B1870,P1015,6F045,2025-04-25 11:37:36.952,CANCELLED,X4036640,5D,Dhriti Gupta,ef019c04da8b,,
B1871,P1423,AI144,2025-10-04 11:37:36.952,CANCELLED,Y5737831,23E,Nathaniel Tara,8d8bd05e72d6,,
B1872,P1523,AI244,2025-07-09 11:37:36.952,PENDING,R2927318,26E,Yutika Sibal,16e9b19ad7d6,5721.08,CARD
B1872,P1523,AI244,2025-07-09 11:37:36.952,PENDING,R2927318,26E,Yutika Sibal,16e9b19ad7d6,9096.04,UPI
B1872,P1523,AI244,2025-07-09 11:37:36.952,PENDING,R2927318,26E,Yutika Sibal,16e9b19ad7d6,8027.125,NETBANKING
B1873,P1802,6F265,2025-04-25 11:37:36.952,CONFIRMED,B2915854,11B,Wishi Morar,b6ee612d89b3,6495.37,UPI
B1873,P1802,6F265,2025-04-25 11:37:36.952,CONFIRMED,B2915854,11B,Wishi Morar,b6ee612d89b3,12510.96,CARD
B1873,P1802,6F265,2025-04-25 11:37:36.952,CONFIRMED,B2915854,11B,Wishi Morar,b6ee612d89b3,13283.24,CARD
B1874,P1752,6F108,2026-01-26 11:37:36.952,CONFIRMED,K1651854,16E,Widisha Bajaj,11c3f5dc512e,5715.47,NETBANKING
B1874,P1752,6F108,2026-01-26 11:37:36.952,CONFIRMED,K1651854,16E,Widisha Bajaj,11c3f5dc512e,9993.97,NETBANKING
B1874,P1752,6F108,2026-01-26 11:37:36.952,CONFIRMED,K1651854,16E,Widisha Bajaj,11c3f5dc512e,8735.05,NETBANKING
B1875,P1020,6F069,2025-06-17 11:37:36.952,PENDING,N0734467,17D,Gautam Ramaswamy,b01a8d3e3d67,8027.125,NETBANKING
B1876,P1689,6F072,2025-06-14 11:37:36.952,CANCELLED,D5958417,18F,Yashasvi Shankar,e2e3dc5edb8a,11290.32,NETBANKING
B1877,P1938,6F096,2025-11-09 11:37:36.952,CONFIRMED,C7050221,33F,Wridesh Kale,fc9dc155cc55,,
B1878,P1227,SJ233,2025-12-31 11:37:36.952,PENDING,X8141344,31D,Ira Bava,9b2d6f73d0e0,14778.71,CARD
B1879,P1784,AI203,2025-12-03 11:37:36.952,PENDING,X4837740,9E,Chandresh Manda,3224a313575f,4682.98,UPI
B1880,P1287,UK147,2026-03-08 11:37:36.952,CONFIRMED,N4330265,2E,Warda Singhal,b6c7ba37d444,11737.0,UPI
B1881,P1808,UK039,2025-08-26 11:37:36.952,PENDING,F1836677,8E,Bhavika Yadav,1dab2436476c,,
B1882,P1133,6F216,2025-10-17 11:37:36.952,CANCELLED,P6102563,18B,Abhiram Chokshi,bb9523f6be3e,,
B1883,P1983,AI214,2025-11-17 11:37:36.952,PENDING,E2349980,5B,Raagini Desai,66df153ecf35,4498.27,CARD
B1883,P1983,AI214,2025-11-17 11:37:36.952,PENDING,E2349980,5B,Raagini Desai,66df153ecf35,3193.06,CARD
B1884,P1282,UK025,2025-08-31 11:37:36.952,CANCELLED,W3675901,31D,Aishani Pau,baa88a877f02,,
B1885,P1403,UK053,2025-08-10 11:37:36.952,CANCELLED,E4461440,11B,Neha Pau,c629e9d66a3b,9992.33,NETBANKING
B1886,P1664,6F130,2026-02-12 11:37:36.952,INVALID,M1746564,9D,Chakradev Rattan,d41c82d7d852,,
B1887,P1065,6F247,2026-03-09 11:37:36.952,PENDING,W6372631,23F,Charan Hayer,2c1801883182,9312.51,UPI
B1888,P1648,6F159,2025-12-25 11:37:36.952,CANCELLED,Z5592277,25C,Janani Mani,1632c497f23b,8931.9,UPI
B1888,P1648,6F159,2025-12-25 11:37:36.952,CANCELLED,Z5592277,25C,Janani Mani,1632c497f23b,5981.84,CARD
B1889,P1603,UK086,2026-02-24 11:37:36.952,CANCELLED,Y0038502,22C,Ethan Raju,d1815d4804ce,,
B1890,P1436,6F102,2025-08-30 11:37:36.952,PENDING,G4448672,12E,Yamini Seshadri,36cb7fdba290,13732.45,UPI
B1891,P1828,UK186,2026-01-26 11:37:36.952,CANCELLED,A4733145,18D,Ati Dani,7d22609d636f,2216.08,UPI
B1891,P1828,UK186,2026-01-26 11:37:36.952,CANCELLED,A4733145,18D,Ati Dani,7d22609d636f,1978.49,UPI
B1892,P1933,6F032,2025-08-24 11:37:36.952,PENDING,T4932511,17F,Kabir Chatterjee,4fcfe6dd973e,,
B1893,P1258,6F186,2025-08-02 11:37:36.952,CONFIRMED,V7953120,19A,Meera Prakash,415da5ac1611,,
B1894,P1979,6F106,2026-02-24 11:37:36.952,CANCELLED,H7766183,4F,Harinakshi Pau,0655b3e90dff,,
B1895,P1965,AI021,2025-10-05 11:37:36.952,CANCELLED,B0187314,14E,Maanas Issac,ad8c69c3e1c8,13425.87,CARD
B1895,P1965,AI021,2025-10-05 11:37:36.952,CANCELLED,B0187314,14E,Maanas Issac,ad8c69c3e1c8,6230.89,NETBANKING
B1895,P1965,AI021,2025-10-05 11:37:36.952,CANCELLED,B0187314,14E,Maanas Issac,ad8c69c3e1c8,13629.71,CARD
B1895,P1965,AI021,2025-10-05 11:37:36.952,CANCELLED,B0187314,14E,Maanas Issac,ad8c69c3e1c8,9624.54,CARD
B1895,P1965,AI021,2025-10-05 11:37:36.952,CANCELLED,B0187314,14E,Maanas Issac,ad8c69c3e1c8,11120.61,NETBANKING
B1896,P1102,AI157,2025-11-30 11:37:36.952,PENDING,C1436786,11F,Yashodhara Ratti,708c9becca6a,8027.125,CARD
B1897,P1992,6F054,2025-11-01 11:37:36.952,PENDING,A7818710,26F,Xiti Baria,8c694dbee665,9752.05,CARD
B1897,P1992,6F054,2025-11-01 11:37:36.952,PENDING,A7818710,26F,Xiti Baria,8c694dbee665,7243.26,NETBANKING
B1898,P1566,AI187,2025-10-03 11:37:36.952,PENDING,K2570680,10D,Chakradev Barad,491260252ef1,5718.04,CARD
B1899,P1768,SJ124,2025-09-28 11:37:36.952,PENDING,C5423060,4B,Laksh Nath,72447b9f2dad,3146.15,UPI
B1900,P1100,SJ223,2025-10-06 11:37:36.952,CANCELLED,F8655052,11C,Urvi Venkataraman,3620bbc5e18b,1212.98,UPI
B1901,P1197,UK103,2025-04-25 11:37:36.952,CONFIRMED,K2066701,21A,Tanmayi Dixit,f3aaf14bee30,10787.49,CARD
B1902,P1812,SJ157,2026-02-08 11:37:36.952,CONFIRMED,X9201663,14F,Yutika Dey,2b9e175f4ae9,,
B1903,P1225,6F242,2025-11-06 11:37:36.952,CONFIRMED,E2400539,9B,Falak Nagar,9522aa2bc001,,
B1904,P1942,UK213,2025-07-01 11:37:36.952,CONFIRMED,M6201901,8B,Nicholas Ramaswamy,6b6c4f86425e,5769.34,NETBANKING
B1905,P1462,SJ120,2026-02-13 11:37:36.952,PENDING,K3391332,24B,Chandani Nayar,62f0ee4e40d7,,
B1906,P1236,AI035,2025-08-11 11:37:36.952,CANCELLED,G2394564,22B,Yashica Upadhyay,9d2d59c18bd6,11037.65,UPI
B1907,P1025,6F147,2026-01-14 11:37:36.952,CANCELLED,F8644976,1B,Vrishti Mistry,5ba3f7c2eda7,5451.44,CARD
B1908,P1120,SJ229,2025-08-09 11:37:36.952,CANCELLED,V6634209,23B,Vaishnavi Badal,2f38144707e1,8834.05,CARD
B1908,P1120,SJ229,2025-08-09 11:37:36.952,CANCELLED,V6634209,23B,Vaishnavi Badal,2f38144707e1,1912.8,CARD
B1909,P1909,AI230,2025-11-14 11:37:36.952,PENDING,R7349852,31B,Jyoti Narula,debb9df0aa24,,
B1910,P1505,UK162,2025-06-10 11:37:36.952,CANCELLED,C5266559,5C,Imaran Saha,b52ca7344d7a,13743.8,UPI
B1910,P1505,UK162,2025-06-10 11:37:36.952,CANCELLED,C5266559,5C,Imaran Saha,b52ca7344d7a,7810.25,CARD
B1911,P1181,AI066,2025-05-29 11:37:36.952,PENDING,N2538096,27C,Darika Bala,683efbda2180,,
B1912,P1710,6F205,2025-09-09 11:37:36.952,CANCELLED,T5336952,19D,Urvi Lanka,622c569b4afc,6279.57,NETBANKING
B1913,P1813,AI124,2025-05-24 11:37:36.952,CONFIRMED,N6535389,27B,Vedant Behl,2cb31ad76b28,11211.97,NETBANKING
B1913,P1813,AI124,2025-05-24 11:37:36.952,CONFIRMED,N6535389,27B,Vedant Behl,2cb31ad76b28,4083.41,CARD
B1914,P1766,UK114,2025-10-19 11:37:36.952,PENDING,H2436792,20A,Varsha Garde,c1faa2cc7e1a,5079.38,NETBANKING
B1915,P1633,AI231,2025-06-03 11:37:36.952,CANCELLED,C2763835,18B,Lajita Divan,429a2518688f,1162.01,CARD
B1916,P1542,AI113,2025-10-30 11:37:36.952,CONFIRMED,W5863906,7D,Xavier Balay,013e47d59cd4,3156.86,CARD
B1917,P1983,UK180,2025-08-03 11:37:36.952,INVALID,X7939981,27A,Imaran Halder,3be0f7b21954,,
B1918,P1314,UK180,2025-10-07 11:37:36.952,CONFIRMED,V1168371,2B,Anirudh Sastry,10bda53cf2bd,2739.31,NETBANKING
B1918,P1314,UK180,2025-10-07 11:37:36.952,CONFIRMED,V1168371,2B,Anirudh Sastry,10bda53cf2bd,1356.26,NETBANKING
B1919,P1990,6F080,2026-03-17 11:37:36.952,PENDING,G7260720,7C,Dipta Sahota,c4700d6a7c9b,,
B1920,P1796,SJ095,2025-05-11 11:37:36.952,PENDING,T8082649,14A,Max Sachar,d7e25c638537,,
B1921,P1617,SJ115,2025-04-24 11:37:36.952,CANCELLED,K6394762,21F,Samar Roy,0ce6b8840ace,9627.04,CARD
B1922,P1735,AI142,2025-05-14 11:37:36.952,CONFIRMED,X2645633,7D,Yachana Sinha,d8d4ec063e76,11708.41,CARD
B1922,P1735,AI142,2025-05-14 11:37:36.952,CONFIRMED,X2645633,7D,Yachana Sinha,d8d4ec063e76,7858.51,CARD
B1923,P1272,UK169,2025-11-28 11:37:36.952,CANCELLED,X9403694,33F,David Devi,8339ed6625d3,8467.53,NETBANKING
B1923,P1272,UK169,2025-11-28 11:37:36.952,CANCELLED,X9403694,33F,David Devi,8339ed6625d3,8027.125,UPI
B1924,P1909,SJ041,2025-05-04 11:37:36.952,CANCELLED,D2664971,27D,Zilmil Johal,ae62021e117c,4739.01,CARD
B1925,P1231,UK171,2025-04-20 11:37:36.952,CONFIRMED,W3353910,7D,Ekta Sridhar,6e21d3e3f460,11102.07,UPI
B1925,P1231,UK171,2025-04-20 11:37:36.952,CONFIRMED,W3353910,7D,Ekta Sridhar,6e21d3e3f460,12741.86,CARD
B1925,P1231,UK171,2025-04-20 11:37:36.952,CONFIRMED,W3353910,7D,Ekta Sridhar,6e21d3e3f460,5691.29,UPI
B1926,P1419,AI081,2025-11-27 11:37:36.952,CANCELLED,M9016399,18F,Krisha Murthy,fab957be1cbc,,
B1927,P1767,AI162,2026-01-28 11:37:36.952,PENDING,C3334437,27D,Oscar Sharaf,f42f196413bb,,
B1928,P1441,SJ037,2026-01-23 11:37:36.952,CANCELLED,J8140984,6F,Hema Pandya,73a0de999382,6983.66,NETBANKING
B1929,P1495,SJ037,2025-11-05 11:37:36.952,CONFIRMED,P7930148,6A,Aishani Sule,4a8e232afde8,,
B1930,P1023,UK080,2025-12-16 11:37:36.952,PENDING,K9910042,3B,Rehaan Koshy,14625265957d,8027.125,UPI
B1930,P1023,UK080,2025-12-16 11:37:36.952,PENDING,K9910042,3B,Rehaan Koshy,14625265957d,1625.9,CARD
B1931,P1108,SJ031,2025-09-26 11:37:36.952,PENDING,D6801990,16C,Arya Misra,fc177f8b70e0,10011.51,CARD
B1932,P1702,AI199,2025-12-28 11:37:36.952,CANCELLED,G4854842,4B,Umang Mishra,472eef41be4e,8636.39,CARD
B1932,P1702,AI199,2025-12-28 11:37:36.952,CANCELLED,G4854842,4B,Umang Mishra,472eef41be4e,8027.125,UPI
B1933,P1501,6F082,2025-05-28 11:37:36.952,CANCELLED,C6079179,7B,Bhavya Johal,55c983a72477,,
B1934,P1858,UK217,2026-04-12 11:37:36.952,PENDING,C5711713,9F,Vrinda Nadig,87c2075681a5,10978.81,UPI
B1935,P1024,UK014,2026-04-13 11:37:36.952,CANCELLED,K0247028,6C,Varsha Palla,e3b2d9f6f50a,,
B1936,P1186,SJ180,2026-01-11 11:37:36.952,CONFIRMED,E8745271,14D,Anusha Mani,1bd9123df01f,5159.35,UPI
B1936,P1186,SJ180,2026-01-11 11:37:36.952,CONFIRMED,E8745271,14D,Anusha Mani,1bd9123df01f,6127.38,UPI
B1937,P1287,6F268,2026-02-19 11:37:36.952,CANCELLED,M7646391,16E,Jairaj Raghavan,718fcde9d7f1,6825.66,CARD
B1938,P1627,UK205,2026-04-07 11:37:36.952,CANCELLED,Z7491619,19B,Megha Pai,83f4485de4b0,12242.79,UPI
B1939,P1337,SJ212,2025-07-22 11:37:36.952,PENDING,E1540131,22B,Madhav Mannan,0d3b08e33aed,8851.37,UPI
B1939,P1337,SJ212,2025-07-22 11:37:36.952,PENDING,E1540131,22B,Madhav Mannan,0d3b08e33aed,9872.75,UPI
B1939,P1337,SJ212,2025-07-22 11:37:36.952,PENDING,E1540131,22B,Madhav Mannan,0d3b08e33aed,7506.15,NETBANKING
B1939,P1337,SJ212,2025-07-22 11:37:36.952,PENDING,E1540131,22B,Madhav Mannan,0d3b08e33aed,14923.36,UPI
B1940,P1877,UK052,2025-06-25 11:37:36.952,CANCELLED,P9626168,17C,Brijesh Mani,29f05d8cf9a9,13791.37,CARD
B1940,P1877,UK052,2025-06-25 11:37:36.952,CANCELLED,P9626168,17C,Brijesh Mani,29f05d8cf9a9,4783.48,NETBANKING
B1941,P1913,UK230,2025-06-13 11:37:36.952,CANCELLED,L2741025,19D,Farhan Pal,d9164beac770,1551.73,CARD
B1942,P1036,AI145,2025-07-18 11:37:36.952,CANCELLED,R9899488,23D,Riya Kunda,c645bf63f1b6,1755.58,UPI
B1943,P1793,SJ035,2026-03-13 11:37:36.952,CONFIRMED,K8993005,7E,Varenya Kala,585ecaa6b56c,9116.92,NETBANKING
B1943,P1793,SJ035,2026-03-13 11:37:36.952,CONFIRMED,K8993005,7E,Varenya Kala,585ecaa6b56c,5304.06,UPI
B1944,P1136,SJ184,2025-07-20 11:37:36.952,CANCELLED,R5635584,10B,Saksham Yohannan,26b7a9f44781,3644.17,UPI
B1944,P1136,SJ184,2025-07-20 11:37:36.952,CANCELLED,R5635584,10B,Saksham Yohannan,26b7a9f44781,9053.91,NETBANKING
B1945,P1507,6F207,2025-11-03 11:37:36.952,CONFIRMED,C7266256,24A,Anika Magar,f92f1e58cdec,,
B1946,P1226,UK144,2026-03-30 11:37:36.952,CONFIRMED,A7001441,15A,Laksh Chopra,c6ddf65f875e,11196.94,UPI
B1947,P1319,AI126,2025-10-22 11:37:36.952,CONFIRMED,Z6240871,1A,Wriddhish Kibe,bbc67235fc23,2186.2,NETBANKING
B1948,P1839,SJ145,2025-05-19 11:37:36.952,CONFIRMED,W9041728,10A,Chandresh Wali,6086c2a3f824,7705.92,CARD
B1948,P1839,SJ145,2025-05-19 11:37:36.952,CONFIRMED,W9041728,10A,Chandresh Wali,6086c2a3f824,6743.77,NETBANKING
B1949,P1915,6F040,2025-05-16 11:37:36.952,PENDING,F3811522,15B,Upkaar Kaul,320a11b7e689,11031.75,UPI
B1949,P1915,6F040,2025-05-16 11:37:36.952,PENDING,F3811522,15B,Upkaar Kaul,320a11b7e689,3328.36,CARD
B1950,P1181,UK049,2025-06-15 11:37:36.952,CONFIRMED,F8240847,21B,Charles Chaudhry,e3f0e0f0fe9f,,
B1951,P1873,UK049,2026-03-18 11:37:36.952,CANCELLED,Y9940041,3F,Odika Narayanan,eee1d0d90267,12831.14,NETBANKING
B1952,P1085,AI087,2025-10-18 11:37:36.952,CONFIRMED,Y1351135,2C,Urmi Chaudhry,44cbe408edb4,10237.24,NETBANKING
B1953,P1466,AI152,2025-05-24 11:37:36.952,CANCELLED,R2289206,19A,Laksh Ahluwalia,5020f42754d0,12741.76,CARD
B1954,P1925,SJ240,2025-11-06 11:37:36.952,CONFIRMED,W0978302,2A,Nakul Ray,56d38739545b,14524.79,NETBANKING
B1955,P1052,AI212,2025-09-14 11:37:36.952,PENDING,D9453419,22B,Vamakshi Sood,8a6f6c15369c,,
B1956,P1859,AI064,2025-09-21 11:37:36.952,CONFIRMED,J4786742,3B,Ryan Mani,d7c910c00488,,
B1957,P1866,6F093,2025-06-07 11:37:36.952,CONFIRMED,V8930635,32E,Ekani Mangal,2cbf2a3492c3,4851.79,CARD
B1958,P1234,AI118,2025-04-28 11:37:36.952,PENDING,H7891213,29C,Daniel Chakraborty,640e7d75eff8,1256.74,CARD
B1958,P1234,AI118,2025-04-28 11:37:36.952,PENDING,H7891213,29C,Daniel Chakraborty,640e7d75eff8,1471.1,NETBANKING
B1959,P1958,AI172,2025-12-19 11:37:36.952,CONFIRMED,N9905585,23D,Vincent Warrior,aba6ea9e6fe6,9818.89,UPI
B1959,P1958,AI172,2025-12-19 11:37:36.952,CONFIRMED,N9905585,23D,Vincent Warrior,aba6ea9e6fe6,7275.19,NETBANKING
B1960,P1778,6F183,2026-01-30 11:37:36.952,CANCELLED,X4084290,27E,Baljiwan Gill,3ec801b4e5a6,14657.97,CARD
B1961,P1798,6F200,2025-07-15 11:37:36.952,CONFIRMED,Z0452898,28A,Omisha Goda,85fc4383c551,,
B1962,P1432,SJ077,2025-12-23 11:37:36.952,CONFIRMED,B6567337,18C,Balhaar Ranganathan,cfab9265ccbc,9530.25,CARD
B1962,P1432,SJ077,2025-12-23 11:37:36.952,CONFIRMED,B6567337,18C,Balhaar Ranganathan,cfab9265ccbc,1833.17,UPI
B1962,P1432,SJ077,2025-12-23 11:37:36.952,CONFIRMED,B6567337,18C,Balhaar Ranganathan,cfab9265ccbc,7948.25,CARD
B1962,P1432,SJ077,2025-12-23 11:37:36.952,CONFIRMED,B6567337,18C,Balhaar Ranganathan,cfab9265ccbc,11681.57,UPI
B1963,P1495,UK030,2026-02-24 11:37:36.952,CONFIRMED,C6527613,27F,Warhi Grewal,a5bd84693c40,,
B1964,P1998,SJ232,2025-05-21 11:37:36.952,PENDING,X8025308,18B,Bimala Barad,bc137c2090a6,,
B1965,P1099,6F090,2026-01-29 11:37:36.952,CONFIRMED,N9929644,20D,Aditya Misra,b69cf614fe6c,,
B1966,P1989,UK002,2025-11-06 11:37:36.952,CONFIRMED,L0842324,12B,Hredhaan Nayak,a69e44095125,14419.64,UPI
B1966,P1989,UK002,2025-11-06 11:37:36.952,CONFIRMED,L0842324,12B,Hredhaan Nayak,a69e44095125,6405.91,UPI
B1966,P1989,UK002,2025-11-06 11:37:36.952,CONFIRMED,L0842324,12B,Hredhaan Nayak,a69e44095125,13474.77,CARD
B1967,P1598,AI154,2025-07-03 11:37:36.952,CANCELLED,A0417241,22C,Bhavani Sha,c498616f802d,12518.31,CARD
B1968,P1402,6F089,2025-10-11 11:37:36.952,CONFIRMED,Y1585574,2D,Wakeeta Desai,9ecc4ee497e2,14600.78,NETBANKING
B1969,P1395,6F218,2026-04-08 11:37:36.952,CONFIRMED,T9602425,29A,Yamini Sidhu,bc383407f2a1,13598.0,UPI
B1970,P1526,6F241,2025-11-26 11:37:36.952,CONFIRMED,G3295945,12B,Anjali Hans,f4d2072ab4f7,4558.49,NETBANKING
B1971,P1414,6F116,2025-08-20 11:37:36.952,CONFIRMED,Z8286304,2B,Isaiah Narayanan,7a270bcb5351,,
B1972,P1938,UK199,2025-04-18 11:37:36.952,CANCELLED,F9917217,19B,Nicholas Shanker,bd8d43094c65,5458.57,UPI
B1973,P1612,SJ033,2025-04-28 11:37:36.952,CANCELLED,E0416782,8C,Aarini Grewal,8d95677ce567,,
B1974,P1676,AI210,2025-08-03 11:37:36.952,PENDING,F6693706,15B,Akshay Nazareth,803a5c40faed,,
B1975,P1462,UK148,2025-08-26 11:37:36.952,CONFIRMED,B3139280,20E,Chakrika Hans,399187dcd934,7791.01,CARD
B1976,P1540,AI229,2025-08-27 11:37:36.952,PENDING,F2061901,16F,Parth Ravi,d10a43081c3d,8576.26,NETBANKING
B1977,P1625,UK005,2026-01-01 11:37:36.952,PENDING,M9379719,4A,Prisha Varma,a467314ef73d,,
B1978,P1618,SJ080,2025-12-07 11:37:36.952,CONFIRMED,A2956162,12C,Falak Chadha,a677c3f0d85f,9450.85,UPI
B1979,P1921,SJ092,2025-12-02 11:37:36.952,CANCELLED,J7185594,1F,Nandini Chandran,f4507cb07f36,,
B1980,P1363,SJ055,2025-12-04 11:37:36.952,CANCELLED,Y2304532,15A,Qasim Dey,a642001779ce,12102.14,CARD
B1981,P1129,AI239,2025-05-17 11:37:36.952,CONFIRMED,Z7781456,19D,Vansha Naik,fedbff7152c5,4761.81,CARD
B1981,P1129,AI239,2025-05-17 11:37:36.952,CONFIRMED,Z7781456,19D,Vansha Naik,fedbff7152c5,7404.46,UPI
B1982,P1083,6F162,2025-06-17 11:37:36.952,CONFIRMED,H7019453,7A,Yuvraj Ahuja,b19359e1774b,,
B1983,P1270,UK101,2025-06-28 11:37:36.952,CONFIRMED,P6650527,27A,Advika Rajagopal,e122a5aed28b,9117.5,CARD
B1984,P1243,6F198,2025-04-25 11:37:36.952,CONFIRMED,X2815780,27F,Warinder Sekhon,1b8be8e41c61,8109.9,UPI
B1984,P1243,6F198,2025-04-25 11:37:36.952,CONFIRMED,X2815780,27F,Warinder Sekhon,1b8be8e41c61,11501.29,UPI
B1985,P1387,6F239,2025-09-28 11:37:36.952,CONFIRMED,Y0223116,31F,Amara Narayan,a48fe80c0bbd,,
B1986,P1213,SJ177,2025-10-07 11:37:36.952,CONFIRMED,N7635322,13F,Chasmum Apte,28c392ec583a,,
B1987,P1817,6F044,2026-03-12 11:37:36.952,CANCELLED,W5921268,19F,Advika Parsa,99965d8e3b20,4585.24,CARD
B1987,P1817,6F044,2026-03-12 11:37:36.952,CANCELLED,W5921268,19F,Advika Parsa,99965d8e3b20,4148.68,CARD
B1988,P1165,6F248,2026-02-17 11:37:36.952,PENDING,H7114294,13A,Warinder Bhatia,bc6fd6ecdee7,13945.28,UPI
B1989,P1790,6F002,2025-12-10 11:37:36.952,CONFIRMED,H7539892,16F,Jagat Shroff,b6cc974ac3b3,,
B1990,P1058,SJ197,2026-03-31 11:37:36.952,CONFIRMED,E4659866,14B,Damyanti Dutta,1724b88632f3,4434.27,NETBANKING
B1990,P1058,SJ197,2026-03-31 11:37:36.952,CONFIRMED,E4659866,14B,Damyanti Dutta,1724b88632f3,8027.125,UPI
B1990,P1058,SJ197,2026-03-31 11:37:36.952,CONFIRMED,E4659866,14B,Damyanti Dutta,1724b88632f3,9960.43,NETBANKING
B1991,P1601,UK091,2026-01-14 11:37:36.952,CANCELLED,W4178376,22E,Nidra Thakkar,e00e65bf43d0,,
B1992,P1882,6F215,2025-04-25 11:37:36.952,CONFIRMED,G8201140,25C,Deepa Dalal,667e2cc075d6,4590.22,CARD
B1992,P1882,6F215,2025-04-25 11:37:36.952,CONFIRMED,G8201140,25C,Deepa Dalal,667e2cc075d6,2164.83,NETBANKING
B1992,P1882,6F215,2025-04-25 11:37:36.952,CONFIRMED,G8201140,25C,Deepa Dalal,667e2cc075d6,7248.01,UPI
B1993,P1842,AI093,2026-03-11 11:37:36.952,CANCELLED,P6426735,5B,Chakrika Pillai,a0df85de247c,,
B1994,P1923,UK090,2026-03-31 11:37:36.952,CONFIRMED,J5533756,21D,Timothy Kanda,78e73e6b4ad2,,
B1995,P1503,SJ005,2025-11-20 11:37:36.952,CANCELLED,J8784962,11C,Kiaan Sridhar,7f5a4cab688e,,
B1996,P1705,UK106,2025-08-08 11:37:36.952,CANCELLED,M1046250,27E,Michael Sha,aa3daa0ade2e,10358.84,UPI
B1997,P1122,6F223,2025-05-03 11:37:36.952,PENDING,P5685120,27B,Kashvi Sagar,31afba534514,8027.125,UPI
B1997,P1122,6F223,2025-05-03 11:37:36.952,PENDING,P5685120,27B,Kashvi Sagar,31afba534514,8027.125,CARD
B1998,P1647,6F011,2025-10-23 11:37:36.952,CONFIRMED,T2935097,14C,Urishilla Yogi,e59be1b6698d,7319.71,CARD
B1998,P1647,6F011,2025-10-23 11:37:36.952,CONFIRMED,T2935097,14C,Urishilla Yogi,e59be1b6698d,11065.89,NETBANKING
B1999,P1412,UK124,2025-08-08 11:37:36.952,INVALID,C2914650,12B,Tejas Kota,1f25d6c7916a,2806.06,NETBANKING
